player,5v5 TOI,date,opponent,5v5 ixG,5v5 xGF%,5v5 OGPs,5v5 Contested LPR win%,5v5 Entry Success %,5v5 Exit Success %
Brett Kulak,16:54,2021-10-13,TOR,0.055,56.7%,2,16.7%,50.0%,50.0%
Alexander Romanov,12:54,2021-10-13,TOR,0.0,11.4%,0,20.0%,,
Jeff Petry,18:35,2021-10-13,TOR,0.01,69.3%,2,50.0%,,100.0%
Josh Anderson,15:54,2021-10-13,TOR,0.646,61.4%,10,60.0%,66.7%,66.7%
Joel Armia,11:12,2021-10-13,TOR,0.008,18.8%,5,12.5%,100.0%,85.7%
Cole Caufield,13:48,2021-10-13,TOR,0.178,34.1%,6,25.0%,100.0%,100.0%
Chris Wideman,11:34,2021-10-13,TOR,0.1,19.4%,2,60.0%,,66.7%
Christian Dvorak,15:06,2021-10-13,TOR,0.145,64.6%,6,0.0%,100.0%,100.0%
Jonathan Drouin,13:58,2021-10-13,TOR,0.508,68.6%,2,0.0%,100.0%,100.0%
Brendan Gallagher,11:04,2021-10-13,TOR,0.163,22.2%,2,50.0%,0.0%,100.0%
Artturi Lehkonen,6:49,2021-10-13,TOR,0.001,4.2%,0,28.6%,,50.0%
Cedric Paquette,6:13,2021-10-13,TOR,0.0,4.0%,0,0.0%,,100.0%
Mathieu Perreault,8:37,2021-10-13,TOR,0.0,6.9%,0,28.6%,,100.0%
Nick Suzuki,14:52,2021-10-13,TOR,0.121,57.1%,6,33.3%,66.7%,85.7%
Tyler Toffoli,14:17,2021-10-13,TOR,0.099,39.3%,2,100.0%,100.0%,50.0%
Ben Chiarot,18:13,2021-10-13,TOR,0.01,36.7%,0,71.4%,0.0%,100.0%
Jake Evans,12:31,2021-10-13,TOR,0.037,16.6%,4,12.5%,0.0%,60.0%
David Savard,17:16,2021-10-13,TOR,0.121,47.9%,0,18.2%,,
Mathieu Perreault,8:34,2021-10-14,BUF,0.019,67.6%,2,71.4%,50.0%,33.3%
Cedric Paquette,7:27,2021-10-14,BUF,0.007,65.1%,2,50.0%,0.0%,0.0%
Artturi Lehkonen,9:46,2021-10-14,BUF,0.013,41.7%,1,33.3%,50.0%,100.0%
Brendan Gallagher,10:47,2021-10-14,BUF,0.101,43.7%,4,25.0%,80.0%,100.0%
Jonathan Drouin,13:09,2021-10-14,BUF,0.116,19.9%,3,16.7%,100.0%,71.4%
Christian Dvorak,13:50,2021-10-14,BUF,0.0,25.8%,3,37.5%,100.0%,75.0%
Josh Anderson,13:21,2021-10-14,BUF,0.013,20.5%,1,0.0%,50.0%,66.7%
Joel Armia,8:06,2021-10-14,BUF,0.125,42.4%,6,60.0%,50.0%,100.0%
Cole Caufield,12:44,2021-10-14,BUF,0.091,43.2%,1,0.0%,33.3%,88.9%
Jake Evans,11:49,2021-10-14,BUF,0.075,38.2%,2,38.5%,,75.0%
Nick Suzuki,11:28,2021-10-14,BUF,0.036,21.9%,5,12.5%,100.0%,80.0%
Ben Chiarot,15:44,2021-10-14,BUF,0.051,39.1%,2,50.0%,0.0%,100.0%
Brett Kulak,14:47,2021-10-14,BUF,0.003,36.2%,0,20.0%,100.0%,66.7%
Jeff Petry,14:29,2021-10-14,BUF,0.011,12.9%,1,50.0%,,
Alexander Romanov,15:51,2021-10-14,BUF,0.022,20.4%,3,42.9%,100.0%,
David Savard,14:30,2021-10-14,BUF,0.203,50.3%,5,50.0%,,100.0%
Chris Wideman,11:59,2021-10-14,BUF,0.258,58.0%,1,40.0%,,100.0%
Tyler Toffoli,9:53,2021-10-14,BUF,0.014,19.8%,2,20.0%,100.0%,100.0%
Josh Anderson,14:45,2021-10-16,NYR,0.201,54.1%,4,0.0%,50.0%,60.0%
Cole Caufield,10:35,2021-10-16,NYR,0.068,78.4%,3,,66.7%,25.0%
Alexander Romanov,14:07,2021-10-16,NYR,0.019,79.2%,3,50.0%,,
Jonathan Drouin,14:50,2021-10-16,NYR,0.21,54.5%,4,0.0%,66.7%,66.7%
Jeff Petry,15:34,2021-10-16,NYR,0.017,81.2%,1,40.0%,,100.0%
Brett Kulak,12:30,2021-10-16,NYR,0.0,71.2%,1,66.7%,100.0%,0.0%
Ben Chiarot,19:31,2021-10-16,NYR,0.029,26.2%,0,50.0%,100.0%,100.0%
Tyler Toffoli,12:30,2021-10-16,NYR,0.255,44.9%,4,50.0%,50.0%,83.3%
Cedric Paquette,6:32,2021-10-16,NYR,0.046,65.9%,2,33.3%,,100.0%
Mathieu Perreault,7:45,2021-10-16,NYR,0.0,50.0%,1,20.0%,,100.0%
Artturi Lehkonen,7:34,2021-10-16,NYR,0.059,41.9%,1,33.3%,100.0%,100.0%
Brendan Gallagher,11:45,2021-10-16,NYR,0.201,45.0%,3,25.0%,50.0%,66.7%
Jake Evans,12:48,2021-10-16,NYR,0.149,38.9%,8,12.5%,75.0%,100.0%
Christian Dvorak,15:12,2021-10-16,NYR,0.168,50.8%,4,71.4%,25.0%,100.0%
Chris Wideman,10:47,2021-10-16,NYR,0.003,75.1%,1,,100.0%,
Joel Armia,10:44,2021-10-16,NYR,0.095,76.5%,2,25.0%,,100.0%
Nick Suzuki,10:22,2021-10-16,NYR,0.148,78.1%,1,,25.0%,100.0%
David Savard,17:51,2021-10-16,NYR,0.003,28.1%,3,0.0%,,100.0%
Alexander Romanov,17:46,2021-10-19,SJS,0.107,44.5%,4,28.6%,,100.0%
Josh Anderson,16:46,2021-10-19,SJS,0.348,43.2%,3,16.7%,40.0%,87.5%
David Savard,16:40,2021-10-19,SJS,0.008,34.1%,3,25.0%,100.0%,50.0%
Chris Wideman,13:24,2021-10-19,SJS,0.165,90.9%,0,71.4%,,100.0%
Jeff Petry,18:19,2021-10-19,SJS,0.006,27.8%,0,66.7%,0.0%,100.0%
Brett Kulak,15:42,2021-10-19,SJS,0.056,87.7%,1,50.0%,0.0%,50.0%
Ben Chiarot,17:55,2021-10-19,SJS,0.02,31.9%,2,50.0%,0.0%,80.0%
Tyler Toffoli,12:25,2021-10-19,SJS,0.076,27.4%,3,50.0%,100.0%,80.0%
Cedric Paquette,8:50,2021-10-19,SJS,0.078,98.2%,2,0.0%,,100.0%
Artturi Lehkonen,8:55,2021-10-19,SJS,0.055,98.2%,2,41.7%,,100.0%
Nick Suzuki,14:09,2021-10-19,SJS,0.173,28.7%,2,26.7%,0.0%,33.3%
Brendan Gallagher,11:57,2021-10-19,SJS,0.0,63.5%,1,57.1%,66.7%,54.5%
Christian Dvorak,15:25,2021-10-19,SJS,0.109,44.2%,5,50.0%,66.7%,100.0%
Jonathan Drouin,16:20,2021-10-19,SJS,0.144,45.6%,1,50.0%,0.0%,85.7%
Cole Caufield,11:28,2021-10-19,SJS,0.039,32.6%,4,40.0%,0.0%,66.7%
Adam Brooks,11:36,2021-10-19,SJS,0.04,65.5%,1,10.0%,100.0%,75.0%
Joel Armia,8:46,2021-10-19,SJS,0.412,97.9%,1,50.0%,100.0%,66.7%
Mike Hoffman,14:06,2021-10-19,SJS,0.052,55.5%,2,50.0%,0.0%,80.0%
Mathieu Perreault,11:31,2021-10-21,CAR,0.01,53.1%,0,44.4%,0.0%,100.0%
Christian Dvorak,12:20,2021-10-21,CAR,0.156,56.9%,9,44.4%,100.0%,100.0%
Jake Evans,11:02,2021-10-21,CAR,0.044,54.0%,3,25.0%,66.7%,83.3%
Brendan Gallagher,11:23,2021-10-21,CAR,0.5,60.0%,6,37.5%,33.3%,100.0%
Mike Hoffman,11:40,2021-10-21,CAR,0.0,23.6%,1,33.3%,100.0%,50.0%
Artturi Lehkonen,10:34,2021-10-21,CAR,0.149,50.7%,4,44.4%,,50.0%
Nick Suzuki,12:19,2021-10-21,CAR,0.052,16.0%,0,40.0%,50.0%,71.4%
Chris Wideman,13:44,2021-10-21,CAR,0.004,71.6%,1,33.3%,,100.0%
Ben Chiarot,16:28,2021-10-21,CAR,0.003,73.9%,0,42.9%,,100.0%
Brett Kulak,17:06,2021-10-21,CAR,0.0,10.0%,0,75.0%,,100.0%
Jeff Petry,13:31,2021-10-21,CAR,0.004,2.9%,0,66.7%,0.0%,100.0%
Alexander Romanov,15:07,2021-10-21,CAR,0.049,55.9%,1,40.0%,,
David Savard,14:40,2021-10-21,CAR,0.072,58.3%,1,33.3%,,
Jonathan Drouin,12:41,2021-10-21,CAR,0.297,59.0%,5,42.9%,50.0%,100.0%
Tyler Toffoli,9:49,2021-10-21,CAR,0.043,18.7%,2,100.0%,0.0%,100.0%
Cole Caufield,11:27,2021-10-21,CAR,0.102,44.5%,4,42.9%,33.3%,100.0%
Joel Armia,9:54,2021-10-21,CAR,0.068,36.2%,3,37.5%,100.0%,66.7%
Josh Anderson,12:54,2021-10-21,CAR,0.369,48.6%,6,0.0%,66.7%,66.7%
Alexander Romanov,17:30,2021-10-23,DET,0.008,39.1%,1,0.0%,,
Josh Anderson,14:51,2021-10-23,DET,0.179,55.3%,6,42.9%,40.0%,100.0%
Joel Armia,11:29,2021-10-23,DET,0.019,20.8%,1,30.0%,100.0%,66.7%
Cole Caufield,8:29,2021-10-23,DET,0.117,52.3%,4,0.0%,100.0%,100.0%
Jonathan Drouin,13:58,2021-10-23,DET,0.352,52.5%,2,33.3%,50.0%,42.9%
Christian Dvorak,14:24,2021-10-23,DET,0.143,45.6%,4,30.0%,50.0%,100.0%
Jake Evans,11:40,2021-10-23,DET,0.0,25.8%,3,28.6%,50.0%,100.0%
Brendan Gallagher,11:16,2021-10-23,DET,0.0,51.0%,1,38.5%,0.0%,83.3%
Mike Hoffman,13:25,2021-10-23,DET,0.253,46.4%,5,42.9%,100.0%,60.0%
Artturi Lehkonen,12:37,2021-10-23,DET,0.034,25.6%,1,0.0%,100.0%,57.1%
Mathieu Perreault,10:52,2021-10-23,DET,0.756,65.1%,12,71.4%,100.0%,100.0%
Nick Suzuki,13:28,2021-10-23,DET,0.069,38.4%,2,14.3%,100.0%,100.0%
Ben Chiarot,18:06,2021-10-23,DET,0.048,30.4%,3,42.9%,,100.0%
Brett Kulak,12:57,2021-10-23,DET,0.01,76.5%,0,33.3%,,100.0%
Sami Niku,12:43,2021-10-23,DET,0.038,75.2%,4,100.0%,,
David Savard,16:55,2021-10-23,DET,0.031,38.5%,2,25.0%,,
Jeff Petry,19:21,2021-10-23,DET,0.006,32.1%,3,40.0%,,50.0%
Tyler Toffoli,10:14,2021-10-23,DET,0.192,54.6%,6,0.0%,100.0%,100.0%
Christian Dvorak,12:45,2021-10-26,SEA,0.0,40.1%,1,50.0%,0.0%,100.0%
Josh Anderson,12:11,2021-10-26,SEA,0.075,10.8%,1,66.7%,50.0%,66.7%
Jonathan Drouin,12:00,2021-10-26,SEA,0.0,8.0%,0,33.3%,50.0%,40.0%
Nick Suzuki,13:55,2021-10-26,SEA,0.12,67.1%,7,33.3%,75.0%,80.0%
Cedric Paquette,9:11,2021-10-26,SEA,0.046,17.8%,7,25.0%,100.0%,100.0%
Artturi Lehkonen,10:36,2021-10-26,SEA,0.092,16.6%,3,0.0%,25.0%,100.0%
Ben Chiarot,17:30,2021-10-26,SEA,0.004,44.0%,2,0.0%,100.0%,100.0%
Brett Kulak,15:52,2021-10-26,SEA,0.046,26.9%,1,20.0%,,50.0%
Mike Hoffman,13:25,2021-10-26,SEA,0.27,72.3%,4,66.7%,66.7%,100.0%
Sami Niku,13:36,2021-10-26,SEA,0.098,50.7%,4,0.0%,100.0%,100.0%
Jeff Petry,17:45,2021-10-26,SEA,0.002,51.4%,0,0.0%,0.0%,66.7%
Tyler Toffoli,11:56,2021-10-26,SEA,0.032,66.1%,2,16.7%,75.0%,77.8%
Alexander Romanov,14:57,2021-10-26,SEA,0.0,33.0%,0,25.0%,,
Cole Caufield,13:00,2021-10-26,SEA,0.152,65.7%,5,25.0%,33.3%,75.0%
Joel Armia,10:03,2021-10-26,SEA,0.077,22.7%,2,33.3%,50.0%,100.0%
Brendan Gallagher,12:58,2021-10-26,SEA,0.714,52.1%,3,33.3%,,100.0%
David Savard,16:34,2021-10-26,SEA,0.0,19.2%,1,66.7%,,
Mathieu Perreault,11:54,2021-10-26,SEA,0.032,19.5%,2,0.0%,100.0%,100.0%
Josh Anderson,12:45,2021-10-28,SJS,0.206,49.6%,6,50.0%,100.0%,100.0%
Ben Chiarot,16:49,2021-10-28,SJS,0.006,52.0%,0,66.7%,0.0%,66.7%
Jeff Petry,17:41,2021-10-28,SJS,0.032,37.7%,3,66.7%,0.0%,100.0%
Sami Niku,13:25,2021-10-28,SJS,0.0,45.1%,1,0.0%,100.0%,100.0%
Joel Armia,8:00,2021-10-28,SJS,0.126,27.4%,5,25.0%,,0.0%
Tyler Toffoli,9:58,2021-10-28,SJS,0.041,35.8%,5,0.0%,33.3%,100.0%
Nick Suzuki,15:56,2021-10-28,SJS,0.159,58.0%,3,41.7%,50.0%,100.0%
Mathieu Perreault,10:36,2021-10-28,SJS,0.279,56.0%,1,27.3%,,0.0%
Cedric Paquette,5:41,2021-10-28,SJS,0.03,27.4%,2,0.0%,,100.0%
Artturi Lehkonen,6:56,2021-10-28,SJS,0.201,86.2%,5,75.0%,100.0%,100.0%
Mike Hoffman,15:33,2021-10-28,SJS,0.617,54.9%,4,0.0%,25.0%,100.0%
Brendan Gallagher,13:53,2021-10-28,SJS,0.046,58.7%,2,16.7%,100.0%,100.0%
Christian Dvorak,14:50,2021-10-28,SJS,0.204,38.1%,6,50.0%,100.0%,100.0%
Jonathan Drouin,14:35,2021-10-28,SJS,0.01,21.1%,3,25.0%,0.0%,71.4%
Cole Caufield,9:34,2021-10-28,SJS,0.026,61.5%,0,0.0%,,66.7%
Alexander Romanov,16:43,2021-10-28,SJS,0.047,27.8%,2,16.7%,,100.0%
David Savard,15:01,2021-10-28,SJS,0.031,40.7%,2,20.0%,0.0%,100.0%
Brett Kulak,12:41,2021-10-28,SJS,0.004,47.1%,1,45.5%,,100.0%
Jeff Petry,16:55,2021-10-30,LAK,0.08,46.2%,3,50.0%,100.0%,100.0%
Sami Niku,12:42,2021-10-30,LAK,0.0,43.4%,1,20.0%,,0.0%
Christian Dvorak,13:23,2021-10-30,LAK,0.08,56.4%,8,41.2%,75.0%,66.7%
David Savard,16:20,2021-10-30,LAK,0.0,32.4%,0,25.0%,,50.0%
Brett Kulak,13:41,2021-10-30,LAK,0.009,43.8%,0,50.0%,,100.0%
Alexander Romanov,16:42,2021-10-30,LAK,0.117,34.6%,0,20.0%,,
Ben Chiarot,19:49,2021-10-30,LAK,0.14,45.9%,2,83.3%,0.0%,66.7%
Josh Anderson,13:40,2021-10-30,LAK,0.419,58.7%,9,75.0%,,50.0%
Nick Suzuki,10:58,2021-10-30,LAK,0.035,60.2%,3,66.7%,50.0%,100.0%
Mathieu Perreault,14:40,2021-10-30,LAK,0.202,21.9%,3,33.3%,,0.0%
Cedric Paquette,9:19,2021-10-30,LAK,0.0,36.3%,1,55.6%,,50.0%
Artturi Lehkonen,10:03,2021-10-30,LAK,0.097,62.1%,3,66.7%,50.0%,80.0%
Mike Hoffman,11:38,2021-10-30,LAK,0.002,3.6%,1,0.0%,100.0%,100.0%
Brendan Gallagher,10:59,2021-10-30,LAK,0.0,24.8%,1,20.0%,100.0%,75.0%
Jonathan Drouin,13:18,2021-10-30,LAK,0.187,56.7%,1,37.5%,100.0%,50.0%
Cole Caufield,13:05,2021-10-30,LAK,0.269,34.8%,6,30.0%,0.0%,60.0%
Joel Armia,9:48,2021-10-30,LAK,0.0,35.7%,0,25.0%,0.0%,100.0%
Tyler Toffoli,13:35,2021-10-30,LAK,0.101,40.9%,5,12.5%,50.0%,50.0%
Chris Wideman,10:35,2021-10-31,ANA,0.0,47.7%,1,16.7%,,33.3%
Jeff Petry,16:35,2021-10-31,ANA,0.078,24.6%,1,85.7%,0.0%,66.7%
Brett Kulak,11:26,2021-10-31,ANA,0.026,60.0%,0,0.0%,50.0%,66.7%
Ben Chiarot,15:51,2021-10-31,ANA,0.066,4.7%,2,80.0%,,100.0%
Nick Suzuki,12:34,2021-10-31,ANA,0.0,15.3%,2,50.0%,0.0%,
Cedric Paquette,0:52,2021-10-31,ANA,0.0,,0,,,100.0%
Jonathan Drouin,13:24,2021-10-31,ANA,0.049,29.9%,3,40.0%,50.0%,42.9%
Mike Hoffman,12:17,2021-10-31,ANA,0.0,4.2%,3,100.0%,0.0%,87.5%
Jake Evans,9:18,2021-10-31,ANA,0.357,90.0%,2,100.0%,50.0%,66.7%
Christian Dvorak,13:43,2021-10-31,ANA,0.0,37.6%,1,33.3%,0.0%,100.0%
Cole Caufield,7:45,2021-10-31,ANA,0.0,21.9%,0,,0.0%,66.7%
Adam Brooks,8:41,2021-10-31,ANA,0.0,38.3%,0,66.7%,,100.0%
Alexander Romanov,14:49,2021-10-31,ANA,0.015,83.0%,2,25.0%,,100.0%
Artturi Lehkonen,8:35,2021-10-31,ANA,0.141,91.2%,4,100.0%,0.0%,66.7%
David Savard,15:13,2021-10-31,ANA,0.0,83.0%,0,0.0%,,100.0%
Tyler Toffoli,9:50,2021-10-31,ANA,0.0,27.7%,1,100.0%,100.0%,100.0%
Joel Armia,12:42,2021-10-31,ANA,0.352,73.0%,8,40.0%,75.0%,80.0%
Josh Anderson,16:12,2021-10-31,ANA,0.374,35.1%,5,33.3%,0.0%,50.0%
Brendan Gallagher,14:35,2021-11-02,DET,0.645,91.5%,7,25.0%,0.0%,50.0%
Mike Hoffman,15:55,2021-11-02,DET,0.005,62.3%,5,40.0%,100.0%,100.0%
Artturi Lehkonen,14:13,2021-11-02,DET,0.048,79.1%,8,50.0%,100.0%,100.0%
Nick Suzuki,16:33,2021-11-02,DET,0.517,80.6%,9,44.4%,66.7%,87.5%
Tyler Toffoli,14:15,2021-11-02,DET,0.03,83.9%,3,20.0%,33.3%,75.0%
Jake Evans,12:54,2021-11-02,DET,0.758,89.3%,7,33.3%,25.0%,50.0%
Ben Chiarot,21:13,2021-11-02,DET,0.079,78.0%,1,16.7%,,100.0%
Sami Niku,10:29,2021-11-02,DET,0.002,76.5%,1,50.0%,0.0%,100.0%
Jeff Petry,20:52,2021-11-02,DET,0.016,76.5%,0,40.0%,,0.0%
David Savard,20:43,2021-11-02,DET,0.132,91.5%,2,28.6%,,100.0%
Chris Wideman,10:00,2021-11-02,DET,0.0,79.1%,1,0.0%,,100.0%
Josh Anderson,17:05,2021-11-02,DET,0.479,79.0%,10,22.2%,77.8%,85.7%
Joel Armia,12:36,2021-11-02,DET,0.382,73.5%,2,33.3%,100.0%,50.0%
Brett Kulak,22:06,2021-11-02,DET,0.1,84.7%,2,33.3%,0.0%,75.0%
Christian Dvorak,17:23,2021-11-02,DET,0.441,64.6%,8,20.0%,40.0%,75.0%
Michael Pezzetta,8:29,2021-11-02,DET,0.013,85.6%,1,33.3%,0.0%,100.0%
Alex Belzile,11:10,2021-11-02,DET,0.0,86.6%,4,20.0%,100.0%,100.0%
Jonathan Drouin,2:27,2021-11-02,DET,0.0,52.1%,0,0.0%,,100.0%
Alex Belzile,8:41,2021-11-04,NYI,0.017,64.5%,3,20.0%,66.7%,66.7%
Adam Brooks,9:05,2021-11-04,NYI,0.0,63.0%,1,20.0%,100.0%,40.0%
Christian Dvorak,13:04,2021-11-04,NYI,0.469,31.0%,6,42.9%,50.0%,83.3%
Chris Wideman,12:11,2021-11-04,NYI,0.002,42.4%,2,100.0%,,100.0%
Joel Armia,12:36,2021-11-04,NYI,0.037,44.3%,2,25.0%,,100.0%
Josh Anderson,13:34,2021-11-04,NYI,0.048,29.4%,6,42.9%,66.7%,100.0%
Alexander Romanov,12:46,2021-11-04,NYI,0.002,46.7%,0,0.0%,,
Jeff Petry,17:44,2021-11-04,NYI,0.016,52.8%,4,75.0%,50.0%,75.0%
David Savard,17:36,2021-11-04,NYI,0.104,35.0%,2,50.0%,0.0%,
Ben Chiarot,18:31,2021-11-04,NYI,0.019,50.3%,3,20.0%,100.0%,100.0%
Tyler Toffoli,12:09,2021-11-04,NYI,0.101,54.9%,4,25.0%,100.0%,100.0%
Nick Suzuki,13:44,2021-11-04,NYI,0.214,62.9%,7,50.0%,25.0%,50.0%
Michael Pezzetta,8:32,2021-11-04,NYI,0.042,60.8%,2,,50.0%,100.0%
Artturi Lehkonen,14:18,2021-11-04,NYI,0.306,59.9%,5,30.0%,66.7%,66.7%
Mike Hoffman,12:44,2021-11-04,NYI,0.046,27.5%,0,0.0%,100.0%,0.0%
Brendan Gallagher,12:55,2021-11-04,NYI,0.3,54.0%,10,20.0%,50.0%,60.0%
Jake Evans,12:10,2021-11-04,NYI,0.045,34.5%,3,40.0%,25.0%,75.0%
Brett Kulak,16:52,2021-11-04,NYI,0.119,34.5%,3,45.5%,0.0%,100.0%
Brendan Gallagher,12:56,2021-11-06,VGK,0.208,71.0%,8,33.3%,0.0%,85.7%
Josh Anderson,13:43,2021-11-06,VGK,0.111,50.3%,6,37.5%,100.0%,66.7%
Joel Armia,12:13,2021-11-06,VGK,0.445,93.9%,4,10.0%,50.0%,75.0%
Alex Belzile,7:06,2021-11-06,VGK,0.051,41.4%,2,50.0%,,50.0%
Christian Dvorak,12:49,2021-11-06,VGK,0.303,65.7%,3,30.0%,,75.0%
Jake Evans,12:22,2021-11-06,VGK,0.021,36.9%,1,20.0%,100.0%,75.0%
Mike Hoffman,13:13,2021-11-06,VGK,0.132,36.9%,8,0.0%,60.0%,66.7%
David Savard,13:57,2021-11-06,VGK,0.0,37.2%,1,33.3%,100.0%,0.0%
Cedric Paquette,7:50,2021-11-06,VGK,0.042,41.4%,0,33.3%,100.0%,100.0%
Michael Pezzetta,6:32,2021-11-06,VGK,0.036,45.2%,1,57.1%,,100.0%
Nick Suzuki,14:05,2021-11-06,VGK,0.073,71.1%,3,16.7%,40.0%,60.0%
Tyler Toffoli,12:57,2021-11-06,VGK,0.502,78.6%,4,50.0%,100.0%,100.0%
Ben Chiarot,18:48,2021-11-06,VGK,0.051,82.4%,1,20.0%,100.0%,100.0%
Brett Kulak,16:48,2021-11-06,VGK,0.0,37.3%,1,30.0%,0.0%,100.0%
Jeff Petry,15:37,2021-11-06,VGK,0.104,87.6%,3,33.3%,,100.0%
Alexander Romanov,15:07,2021-11-06,VGK,0.026,68.3%,2,0.0%,25.0%,100.0%
Chris Wideman,10:38,2021-11-06,VGK,0.036,48.8%,1,25.0%,,
Artturi Lehkonen,11:56,2021-11-06,VGK,0.114,82.1%,5,25.0%,100.0%,100.0%
Brendan Gallagher,13:52,2021-11-09,LAK,0.277,23.4%,3,50.0%,33.3%,100.0%
Jake Evans,13:37,2021-11-09,LAK,0.216,79.6%,8,37.5%,60.0%,100.0%
Joel Armia,11:37,2021-11-09,LAK,0.113,73.0%,1,33.3%,100.0%,57.1%
Alex Belzile,5:26,2021-11-09,LAK,0.0,90.6%,0,100.0%,0.0%,100.0%
Mike Hoffman,14:15,2021-11-09,LAK,0.216,70.8%,7,60.0%,100.0%,100.0%
Christian Dvorak,14:15,2021-11-09,LAK,0.025,17.6%,2,46.2%,33.3%,66.7%
Artturi Lehkonen,9:20,2021-11-09,LAK,0.343,96.4%,3,25.0%,100.0%,
Ben Chiarot,16:24,2021-11-09,LAK,0.836,58.3%,6,20.0%,50.0%,100.0%
Michael Pezzetta,5:24,2021-11-09,LAK,0.0,41.5%,0,0.0%,0.0%,100.0%
Nick Suzuki,13:01,2021-11-09,LAK,0.131,80.4%,2,20.0%,50.0%,100.0%
Tyler Toffoli,13:01,2021-11-09,LAK,0.385,80.9%,5,22.2%,42.9%,100.0%
Brett Kulak,15:27,2021-11-09,LAK,0.012,48.4%,1,28.6%,100.0%,100.0%
Jeff Petry,14:21,2021-11-09,LAK,0.037,61.4%,0,57.1%,,100.0%
Chris Wideman,11:47,2021-11-09,LAK,0.012,93.5%,1,16.7%,,100.0%
Cedric Paquette,3:34,2021-11-09,LAK,0.017,72.2%,0,100.0%,100.0%,
Josh Anderson,13:38,2021-11-09,LAK,0.097,18.3%,4,57.1%,20.0%,50.0%
David Savard,15:55,2021-11-09,LAK,0.086,36.8%,2,37.5%,0.0%,
Alexander Romanov,14:40,2021-11-09,LAK,0.005,50.5%,0,12.5%,100.0%,100.0%
Brendan Gallagher,10:55,2021-11-11,CGY,0.001,38.5%,1,0.0%,,50.0%
Alexander Romanov,14:55,2021-11-11,CGY,0.001,32.4%,0,14.3%,,100.0%
Brett Kulak,16:34,2021-11-11,CGY,0.025,59.6%,3,20.0%,100.0%,50.0%
Ben Chiarot,17:14,2021-11-11,CGY,0.521,70.9%,2,20.0%,100.0%,100.0%
Tyler Toffoli,13:36,2021-11-11,CGY,0.284,77.0%,1,0.0%,40.0%,60.0%
Nick Suzuki,15:19,2021-11-11,CGY,0.095,72.0%,2,27.3%,0.0%,100.0%
Ryan Poehling,7:52,2021-11-11,CGY,0.018,46.7%,4,66.7%,100.0%,0.0%
Michael Pezzetta,6:53,2021-11-11,CGY,0.002,32.3%,0,16.7%,0.0%,50.0%
Artturi Lehkonen,12:47,2021-11-11,CGY,0.133,43.3%,8,33.3%,50.0%,66.7%
Mike Hoffman,13:37,2021-11-11,CGY,0.244,76.6%,4,25.0%,100.0%,66.7%
Jake Evans,13:11,2021-11-11,CGY,0.009,39.5%,1,42.9%,100.0%,80.0%
Christian Dvorak,11:04,2021-11-11,CGY,0.0,39.5%,1,50.0%,100.0%,66.7%
Alex Belzile,6:06,2021-11-11,CGY,0.041,87.2%,0,0.0%,0.0%,100.0%
Joel Armia,13:27,2021-11-11,CGY,0.065,49.2%,4,75.0%,0.0%,57.1%
Josh Anderson,13:25,2021-11-11,CGY,0.256,38.4%,5,14.3%,33.3%,66.7%
David Savard,15:51,2021-11-11,CGY,0.013,88.5%,2,33.3%,,100.0%
Chris Wideman,10:02,2021-11-11,CGY,0.0,29.9%,1,0.0%,,
Jeff Petry,17:30,2021-11-11,CGY,0.083,43.0%,0,33.3%,0.0%,100.0%
Chris Wideman,9:43,2021-11-13,DET,0.079,47.0%,2,0.0%,,100.0%
Joel Armia,11:24,2021-11-13,DET,0.238,60.5%,4,16.7%,100.0%,60.0%
Alex Belzile,8:08,2021-11-13,DET,0.016,55.2%,1,0.0%,100.0%,100.0%
Christian Dvorak,15:28,2021-11-13,DET,0.021,34.8%,3,33.3%,0.0%,0.0%
Jake Evans,12:31,2021-11-13,DET,0.278,60.6%,6,66.7%,100.0%,75.0%
Brendan Gallagher,13:41,2021-11-13,DET,0.337,30.0%,3,0.0%,50.0%,75.0%
Mike Hoffman,13:07,2021-11-13,DET,0.003,29.8%,0,100.0%,0.0%,50.0%
Artturi Lehkonen,11:29,2021-11-13,DET,0.034,57.3%,3,0.0%,66.7%,75.0%
Michael Pezzetta,7:46,2021-11-13,DET,0.221,64.1%,2,,100.0%,100.0%
Ryan Poehling,10:35,2021-11-13,DET,0.13,61.9%,2,28.6%,0.0%,100.0%
Nick Suzuki,14:11,2021-11-13,DET,0.017,30.1%,2,9.1%,50.0%,60.0%
Tyler Toffoli,13:41,2021-11-13,DET,0.227,35.3%,3,0.0%,0.0%,75.0%
Ben Chiarot,19:23,2021-11-13,DET,0.013,23.4%,1,40.0%,100.0%,100.0%
Josh Anderson,14:19,2021-11-13,DET,0.264,41.5%,4,33.3%,100.0%,50.0%
Jeff Petry,19:26,2021-11-13,DET,0.002,24.1%,1,14.3%,,50.0%
Brett Kulak,18:32,2021-11-13,DET,0.197,59.9%,5,33.3%,100.0%,75.0%
David Savard,19:04,2021-11-13,DET,0.007,63.8%,3,25.0%,100.0%,50.0%
Alexander Romanov,11:35,2021-11-13,DET,0.003,45.7%,0,0.0%,,
Alex Belzile,9:05,2021-11-14,BOS,0.034,71.1%,2,33.3%,60.0%,0.0%
Adam Brooks,8:52,2021-11-14,BOS,0.0,84.3%,1,0.0%,0.0%,100.0%
Christian Dvorak,14:08,2021-11-14,BOS,0.218,67.5%,7,50.0%,75.0%,66.7%
Jake Evans,12:54,2021-11-14,BOS,0.0,11.3%,2,0.0%,50.0%,80.0%
Brendan Gallagher,11:38,2021-11-14,BOS,0.539,68.2%,9,33.3%,100.0%,100.0%
Chris Wideman,12:40,2021-11-14,BOS,0.002,47.8%,0,12.5%,,0.0%
Artturi Lehkonen,15:49,2021-11-14,BOS,0.0,14.0%,2,22.2%,0.0%,71.4%
Jeff Petry,21:03,2021-11-14,BOS,0.035,47.7%,1,50.0%,,100.0%
Ryan Poehling,13:50,2021-11-14,BOS,0.07,71.9%,6,0.0%,25.0%,83.3%
Nick Suzuki,16:21,2021-11-14,BOS,0.094,58.0%,5,57.1%,83.3%,100.0%
Tyler Toffoli,14:56,2021-11-14,BOS,0.052,59.4%,4,11.1%,,100.0%
Ben Chiarot,21:57,2021-11-14,BOS,0.099,54.7%,3,50.0%,,50.0%
Brett Kulak,16:31,2021-11-14,BOS,0.008,62.0%,1,50.0%,,
Alexander Romanov,14:33,2021-11-14,BOS,0.04,41.1%,1,37.5%,100.0%,50.0%
Michael Pezzetta,7:35,2021-11-14,BOS,0.666,79.9%,2,0.0%,0.0%,100.0%
David Savard,16:35,2021-11-14,BOS,0.018,57.1%,0,0.0%,,
Joel Armia,14:08,2021-11-14,BOS,0.102,12.1%,3,20.0%,100.0%,100.0%
Josh Anderson,16:50,2021-11-14,BOS,0.464,66.2%,6,0.0%,0.0%,87.5%
Alex Belzile,5:37,2021-11-16,NYR,0.049,31.3%,3,0.0%,33.3%,100.0%
Christian Dvorak,14:32,2021-11-16,NYR,0.129,29.4%,5,41.7%,100.0%,0.0%
Jake Evans,14:13,2021-11-16,NYR,0.231,66.9%,5,50.0%,50.0%,100.0%
Brendan Gallagher,15:08,2021-11-16,NYR,0.128,39.2%,6,25.0%,25.0%,83.3%
Artturi Lehkonen,15:00,2021-11-16,NYR,0.349,80.9%,8,44.4%,0.0%,40.0%
Michael Pezzetta,5:38,2021-11-16,NYR,0.0,34.9%,0,0.0%,,100.0%
Ryan Poehling,8:06,2021-11-16,NYR,0.102,40.4%,2,25.0%,100.0%,
Nick Suzuki,17:48,2021-11-16,NYR,0.014,43.8%,4,28.6%,50.0%,77.8%
Josh Anderson,16:41,2021-11-16,NYR,0.116,29.4%,4,40.0%,100.0%,100.0%
Tyler Toffoli,15:26,2021-11-16,NYR,0.332,45.2%,6,50.0%,75.0%,100.0%
Ben Chiarot,21:04,2021-11-16,NYR,0.156,36.8%,2,36.4%,50.0%,75.0%
Brett Kulak,14:20,2021-11-16,NYR,0.037,50.1%,0,33.3%,,
Jeff Petry,21:32,2021-11-16,NYR,0.009,23.9%,3,16.7%,100.0%,100.0%
Alexander Romanov,15:15,2021-11-16,NYR,0.178,65.2%,3,100.0%,0.0%,50.0%
David Savard,16:33,2021-11-16,NYR,0.092,54.6%,3,37.5%,100.0%,
Joel Armia,13:38,2021-11-16,NYR,0.256,65.5%,4,66.7%,0.0%,100.0%
Chris Wideman,15:53,2021-11-16,NYR,0.007,46.4%,1,50.0%,100.0%,50.0%
Jonathan Drouin,17:18,2021-11-16,NYR,0.355,34.3%,10,0.0%,50.0%,100.0%
Alexander Romanov,18:53,2021-11-18,PIT,0.006,7.2%,1,50.0%,100.0%,100.0%
Mattias Norlinder,16:50,2021-11-18,PIT,0.112,60.5%,3,33.3%,,66.7%
David Savard,16:32,2021-11-18,PIT,0.005,62.6%,1,0.0%,,0.0%
Josh Anderson,16:30,2021-11-18,PIT,0.056,42.3%,3,16.7%,50.0%,100.0%
Joel Armia,11:14,2021-11-18,PIT,0.034,7.7%,1,50.0%,,100.0%
Cole Caufield,14:27,2021-11-18,PIT,0.057,52.5%,5,50.0%,60.0%,66.7%
Jonathan Drouin,15:29,2021-11-18,PIT,0.071,40.1%,4,0.0%,50.0%,75.0%
Christian Dvorak,15:20,2021-11-18,PIT,0.35,44.1%,7,0.0%,0.0%,50.0%
Jake Evans,14:56,2021-11-18,PIT,0.088,40.6%,5,0.0%,100.0%,66.7%
Brendan Gallagher,14:33,2021-11-18,PIT,0.128,40.4%,7,33.3%,40.0%,85.7%
Artturi Lehkonen,14:40,2021-11-18,PIT,0.091,37.5%,2,33.3%,0.0%,33.3%
Michael Pezzetta,11:07,2021-11-18,PIT,0.009,4.2%,2,0.0%,33.3%,40.0%
Ryan Poehling,10:38,2021-11-18,PIT,0.003,3.9%,1,,100.0%,50.0%
Nick Suzuki,15:24,2021-11-18,PIT,0.052,59.5%,1,0.0%,50.0%,100.0%
Tyler Toffoli,13:44,2021-11-18,PIT,0.562,66.4%,4,66.7%,66.7%,60.0%
Ben Chiarot,21:14,2021-11-18,PIT,0.012,37.8%,2,60.0%,100.0%,100.0%
Brett Kulak,18:28,2021-11-18,PIT,0.004,7.3%,0,50.0%,0.0%,100.0%
Jeff Petry,20:03,2021-11-18,PIT,0.134,46.3%,5,0.0%,,75.0%
Chris Wideman,10:08,2021-11-20,NSH,0.004,95.8%,0,50.0%,100.0%,100.0%
Nick Suzuki,15:07,2021-11-20,NSH,0.068,37.7%,4,40.0%,40.0%,87.5%
Joel Armia,15:16,2021-11-20,NSH,0.045,16.9%,4,62.5%,50.0%,80.0%
Cole Caufield,13:23,2021-11-20,NSH,0.141,32.9%,2,23.1%,,50.0%
Jonathan Drouin,17:36,2021-11-20,NSH,0.093,44.5%,4,80.0%,0.0%,66.7%
Christian Dvorak,11:48,2021-11-20,NSH,0.463,40.1%,2,0.0%,,
Jake Evans,14:42,2021-11-20,NSH,0.137,44.6%,5,27.3%,50.0%,100.0%
Brendan Gallagher,16:00,2021-11-20,NSH,0.046,38.9%,3,36.4%,25.0%,66.7%
Artturi Lehkonen,14:31,2021-11-20,NSH,0.503,52.8%,6,50.0%,50.0%,100.0%
Ryan Poehling,12:20,2021-11-20,NSH,0.045,46.5%,3,26.7%,,100.0%
Ben Chiarot,21:26,2021-11-20,NSH,0.015,34.6%,2,66.7%,,
Brett Kulak,14:52,2021-11-20,NSH,0.03,48.7%,1,33.3%,,100.0%
Mattias Norlinder,11:30,2021-11-20,NSH,0.0,36.4%,1,40.0%,100.0%,
Jeff Petry,18:43,2021-11-20,NSH,0.03,39.2%,3,20.0%,0.0%,100.0%
Alexander Romanov,14:35,2021-11-20,NSH,0.011,38.7%,1,28.6%,,
David Savard,18:31,2021-11-20,NSH,0.007,34.3%,1,50.0%,,100.0%
Tyler Toffoli,14:47,2021-11-20,NSH,0.199,31.5%,5,42.9%,50.0%,100.0%
Josh Anderson,17:14,2021-11-20,NSH,0.231,47.4%,7,0.0%,33.3%,85.7%
Chris Wideman,14:50,2021-11-24,WSH,0.075,29.5%,2,12.5%,100.0%,100.0%
David Savard,19:06,2021-11-24,WSH,0.005,44.0%,0,25.0%,,50.0%
Joel Armia,9:58,2021-11-24,WSH,0.016,9.4%,0,0.0%,0.0%,66.7%
Alexander Romanov,20:06,2021-11-24,WSH,0.004,33.7%,0,25.0%,,100.0%
Jeff Petry,17:56,2021-11-24,WSH,0.004,33.0%,1,57.1%,50.0%,100.0%
Sami Niku,14:06,2021-11-24,WSH,0.026,29.3%,4,57.1%,,0.0%
Ben Chiarot,19:25,2021-11-24,WSH,0.036,25.0%,1,50.0%,,50.0%
Tyler Toffoli,14:12,2021-11-24,WSH,0.084,50.7%,1,25.0%,33.3%,85.7%
Josh Anderson,15:29,2021-11-24,WSH,0.0,10.8%,1,12.5%,33.3%,66.7%
Ryan Poehling,9:53,2021-11-24,WSH,0.123,40.9%,3,18.2%,0.0%,100.0%
Artturi Lehkonen,14:34,2021-11-24,WSH,0.433,34.8%,6,62.5%,50.0%,85.7%
Brendan Gallagher,13:32,2021-11-24,WSH,0.178,39.9%,7,37.5%,100.0%,66.7%
Jake Evans,13:35,2021-11-24,WSH,0.265,29.3%,9,33.3%,100.0%,60.0%
Christian Dvorak,15:16,2021-11-24,WSH,0.003,11.9%,4,16.7%,66.7%,100.0%
Jonathan Drouin,14:38,2021-11-24,WSH,0.0,25.5%,1,33.3%,,100.0%
Cole Caufield,13:22,2021-11-24,WSH,0.438,57.4%,6,33.3%,33.3%,100.0%
Cedric Paquette,9:39,2021-11-24,WSH,0.0,41.1%,0,28.6%,,75.0%
Nick Suzuki,14:05,2021-11-24,WSH,0.0,65.2%,2,35.0%,100.0%,80.0%
David Savard,18:48,2021-11-26,BUF,0.003,44.5%,0,16.7%,,100.0%
Chris Wideman,12:01,2021-11-26,BUF,0.0,55.3%,1,0.0%,,
Artturi Lehkonen,14:39,2021-11-26,BUF,0.347,33.7%,6,10.0%,100.0%,100.0%
Jeff Petry,16:19,2021-11-26,BUF,0.011,22.9%,4,0.0%,100.0%,50.0%
Mattias Norlinder,13:14,2021-11-26,BUF,0.004,63.1%,0,100.0%,,
Sami Niku,12:52,2021-11-26,BUF,0.002,51.9%,1,50.0%,,
Ben Chiarot,17:57,2021-11-26,BUF,0.034,29.4%,4,50.0%,100.0%,100.0%
Tyler Toffoli,15:32,2021-11-26,BUF,0.321,67.7%,4,50.0%,100.0%,50.0%
Nick Suzuki,17:31,2021-11-26,BUF,0.252,25.5%,6,40.0%,100.0%,100.0%
Alexander Romanov,17:06,2021-11-26,BUF,0.03,39.4%,1,50.0%,100.0%,100.0%
Ryan Poehling,11:22,2021-11-26,BUF,0.062,23.3%,3,66.7%,33.3%,100.0%
Jake Evans,13:20,2021-11-26,BUF,0.456,44.9%,9,28.6%,100.0%,100.0%
Christian Dvorak,14:01,2021-11-26,BUF,0.213,63.3%,4,42.9%,100.0%,100.0%
Jonathan Drouin,16:12,2021-11-26,BUF,0.164,25.9%,5,0.0%,66.7%,83.3%
Cole Caufield,14:57,2021-11-26,BUF,0.047,26.5%,3,0.0%,100.0%,100.0%
Joel Armia,12:52,2021-11-26,BUF,0.021,18.3%,1,0.0%,100.0%,66.7%
Josh Anderson,18:00,2021-11-26,BUF,0.252,43.0%,8,25.0%,66.7%,75.0%
Brendan Gallagher,13:15,2021-11-26,BUF,0.106,55.0%,2,0.0%,50.0%,71.4%
Alexander Romanov,19:21,2021-11-27,PIT,0.086,52.4%,1,33.3%,0.0%,100.0%
David Savard,19:33,2021-11-27,PIT,0.074,23.5%,3,40.0%,100.0%,100.0%
Joel Armia,10:27,2021-11-27,PIT,0.011,3.1%,0,40.0%,50.0%,100.0%
Josh Anderson,13:19,2021-11-27,PIT,0.577,61.4%,4,50.0%,100.0%,0.0%
Jeff Petry,16:05,2021-11-27,PIT,0.0,40.8%,0,66.7%,,
Mattias Norlinder,8:47,2021-11-27,PIT,0.007,69.4%,0,33.3%,,0.0%
Sami Niku,9:46,2021-11-27,PIT,0.003,74.5%,2,33.3%,,
Ben Chiarot,17:15,2021-11-27,PIT,0.006,34.7%,3,80.0%,,100.0%
Nick Suzuki,13:35,2021-11-27,PIT,0.036,29.7%,2,33.3%,0.0%,75.0%
Ryan Poehling,7:05,2021-11-27,PIT,0.0,19.6%,0,33.3%,0.0%,
Tyler Toffoli,14:06,2021-11-27,PIT,0.226,42.9%,6,20.0%,66.7%,100.0%
Michael Pezzetta,6:20,2021-11-27,PIT,0.013,37.8%,2,0.0%,100.0%,100.0%
Artturi Lehkonen,12:22,2021-11-27,PIT,0.184,35.2%,4,60.0%,100.0%,100.0%
Brendan Gallagher,11:24,2021-11-27,PIT,0.064,36.0%,3,0.0%,0.0%,50.0%
Jake Evans,12:00,2021-11-27,PIT,0.076,36.3%,4,0.0%,50.0%,80.0%
Christian Dvorak,13:14,2021-11-27,PIT,0.395,52.5%,7,14.3%,33.3%,80.0%
Jonathan Drouin,13:08,2021-11-27,PIT,0.448,33.0%,4,0.0%,33.3%,60.0%
Cole Caufield,8:36,2021-11-27,PIT,0.042,72.2%,0,33.3%,50.0%,100.0%
Artturi Lehkonen,11:16,2021-11-29,VAN,0.007,32.0%,1,14.3%,,33.3%
Cole Caufield,11:17,2021-11-29,VAN,0.045,50.6%,4,0.0%,100.0%,0.0%
Jonathan Drouin,15:40,2021-11-29,VAN,0.193,43.4%,4,25.0%,50.0%,50.0%
Christian Dvorak,16:38,2021-11-29,VAN,0.242,58.1%,9,14.3%,33.3%,100.0%
Jake Evans,12:50,2021-11-29,VAN,0.0,23.5%,1,0.0%,66.7%,75.0%
Brendan Gallagher,12:03,2021-11-29,VAN,0.335,23.5%,5,16.7%,25.0%,85.7%
Joel Armia,13:07,2021-11-29,VAN,0.054,37.6%,4,0.0%,100.0%,75.0%
Michael Pezzetta,8:42,2021-11-29,VAN,0.0,21.0%,0,0.0%,,
Alexander Romanov,19:51,2021-11-29,VAN,0.076,27.1%,1,0.0%,,
Nick Suzuki,12:44,2021-11-29,VAN,0.127,56.9%,2,8.3%,33.3%,100.0%
Tyler Toffoli,15:41,2021-11-29,VAN,0.027,55.1%,6,0.0%,100.0%,80.0%
Ben Chiarot,21:00,2021-11-29,VAN,0.135,57.9%,3,28.6%,0.0%,66.7%
Sami Niku,11:54,2021-11-29,VAN,0.008,23.5%,0,20.0%,33.3%,50.0%
Mattias Norlinder,12:47,2021-11-29,VAN,0.005,22.5%,1,33.3%,,50.0%
Jeff Petry,18:48,2021-11-29,VAN,0.032,63.3%,6,0.0%,66.7%,100.0%
David Savard,20:32,2021-11-29,VAN,0.013,30.0%,1,0.0%,100.0%,100.0%
Josh Anderson,16:35,2021-11-29,VAN,0.664,53.3%,8,22.2%,100.0%,75.0%
Ryan Poehling,10:43,2021-11-29,VAN,0.13,39.8%,4,23.1%,25.0%,83.3%
Chris Wideman,9:51,2021-12-02,COL,0.056,32.2%,3,57.1%,,
David Savard,15:51,2021-12-02,COL,0.002,30.3%,0,66.7%,,0.0%
Josh Anderson,4:00,2021-12-02,COL,0.072,40.0%,2,50.0%,100.0%,50.0%
Joel Armia,11:38,2021-12-02,COL,0.008,59.6%,1,14.3%,0.0%,0.0%
Cole Caufield,10:22,2021-12-02,COL,0.376,38.8%,1,42.9%,,66.7%
Jonathan Drouin,13:30,2021-12-02,COL,0.108,68.1%,2,40.0%,0.0%,83.3%
Christian Dvorak,9:21,2021-12-02,COL,0.111,43.4%,2,50.0%,100.0%,80.0%
Artturi Lehkonen,12:31,2021-12-02,COL,0.021,27.1%,6,50.0%,100.0%,100.0%
Mathieu Perreault,9:06,2021-12-02,COL,0.009,66.4%,2,80.0%,,100.0%
Michael Pezzetta,7:13,2021-12-02,COL,0.005,9.4%,0,50.0%,66.7%,100.0%
Jake Evans,14:28,2021-12-02,COL,0.061,24.3%,3,60.0%,,100.0%
Nick Suzuki,11:56,2021-12-02,COL,0.046,25.7%,2,37.5%,100.0%,33.3%
Tyler Toffoli,11:43,2021-12-02,COL,0.083,53.3%,1,42.9%,0.0%,100.0%
Ben Chiarot,17:13,2021-12-02,COL,0.001,19.2%,1,37.5%,,
Brett Kulak,15:15,2021-12-02,COL,0.002,61.3%,0,25.0%,,100.0%
Jeff Petry,14:39,2021-12-02,COL,0.021,70.3%,1,0.0%,,100.0%
Alexander Romanov,12:21,2021-12-02,COL,0.214,33.0%,4,33.3%,100.0%,0.0%
Ryan Poehling,11:41,2021-12-02,COL,0.128,60.0%,4,41.7%,66.7%,60.0%
Michael Pezzetta,5:35,2021-12-04,NSH,0.0,0.0%,0,0.0%,,100.0%
Mattias Norlinder,8:59,2021-12-04,NSH,0.0,56.3%,1,0.0%,,0.0%
Brett Kulak,13:46,2021-12-04,NSH,0.059,30.1%,2,25.0%,,100.0%
Ben Chiarot,16:55,2021-12-04,NSH,0.013,7.8%,3,16.7%,,0.0%
Tyler Toffoli,10:48,2021-12-04,NSH,0.065,47.9%,1,25.0%,100.0%,50.0%
Nick Suzuki,16:39,2021-12-04,NSH,0.009,16.4%,5,25.0%,25.0%,85.7%
Ryan Poehling,9:31,2021-12-04,NSH,0.008,12.3%,4,16.7%,33.3%,50.0%
Mathieu Perreault,7:54,2021-12-04,NSH,0.0,46.1%,0,66.7%,,
Joel Armia,11:18,2021-12-04,NSH,0.143,8.6%,1,40.0%,100.0%,100.0%
Mike Hoffman,15:23,2021-12-04,NSH,0.045,7.7%,3,20.0%,0.0%,100.0%
Jake Evans,14:18,2021-12-04,NSH,0.029,6.2%,3,30.0%,50.0%,75.0%
Christian Dvorak,10:13,2021-12-04,NSH,0.172,24.5%,2,14.3%,,100.0%
Jonathan Drouin,13:45,2021-12-04,NSH,0.096,18.5%,1,25.0%,100.0%,100.0%
Cole Caufield,9:52,2021-12-04,NSH,0.047,26.1%,3,0.0%,100.0%,87.5%
Alexander Romanov,18:16,2021-12-04,NSH,0.017,8.3%,0,20.0%,,50.0%
Chris Wideman,9:06,2021-12-04,NSH,0.002,27.4%,0,20.0%,,100.0%
Artturi Lehkonen,7:59,2021-12-04,NSH,0.071,32.1%,2,100.0%,,100.0%
David Savard,21:58,2021-12-04,NSH,0.23,20.2%,2,28.6%,,100.0%
Jonathan Drouin,15:16,2021-12-07,TBL,0.338,54.0%,4,0.0%,33.3%,80.0%
Laurent Dauphin,12:29,2021-12-07,TBL,0.231,33.7%,5,0.0%,50.0%,66.7%
Chris Wideman,11:23,2021-12-07,TBL,0.002,71.1%,1,0.0%,100.0%,100.0%
Cole Caufield,12:17,2021-12-07,TBL,0.15,15.3%,4,66.7%,0.0%,80.0%
Alexander Romanov,12:01,2021-12-07,TBL,0.014,53.2%,1,33.3%,,100.0%
Brett Kulak,20:56,2021-12-07,TBL,0.0,47.3%,3,20.0%,0.0%,100.0%
Kale Clague,15:56,2021-12-07,TBL,0.003,54.4%,1,0.0%,,
Ben Chiarot,22:06,2021-12-07,TBL,0.063,40.7%,4,0.0%,100.0%,75.0%
David Savard,20:30,2021-12-07,TBL,0.031,51.5%,6,0.0%,,
Ryan Poehling,12:54,2021-12-07,TBL,0.028,89.8%,4,60.0%,75.0%,66.7%
Michael Pezzetta,8:33,2021-12-07,TBL,0.054,67.3%,4,0.0%,,100.0%
Nick Suzuki,16:39,2021-12-07,TBL,0.38,48.3%,7,66.7%,50.0%,78.6%
Cedric Paquette,9:30,2021-12-07,TBL,0.284,52.5%,2,50.0%,,100.0%
Artturi Lehkonen,13:28,2021-12-07,TBL,0.311,68.7%,2,33.3%,0.0%,100.0%
Mike Hoffman,16:12,2021-12-07,TBL,0.016,50.8%,4,,50.0%,100.0%
Jake Evans,16:28,2021-12-07,TBL,0.332,79.6%,6,0.0%,75.0%,88.9%
Christian Dvorak,5:20,2021-12-07,TBL,0.0,59.7%,0,100.0%,0.0%,100.0%
Mathieu Perreault,13:54,2021-12-07,TBL,0.0,30.9%,1,0.0%,,66.7%
Jake Evans,14:35,2021-12-09,CHI,0.071,46.6%,5,25.0%,50.0%,100.0%
Mike Hoffman,17:56,2021-12-09,CHI,0.016,48.5%,3,50.0%,20.0%,81.8%
Artturi Lehkonen,14:26,2021-12-09,CHI,0.001,64.5%,1,33.3%,100.0%,83.3%
Cedric Paquette,6:17,2021-12-09,CHI,0.0,22.4%,0,0.0%,,33.3%
Mathieu Perreault,13:40,2021-12-09,CHI,0.1,12.0%,2,50.0%,100.0%,75.0%
Michael Pezzetta,5:55,2021-12-09,CHI,0.004,15.9%,0,50.0%,0.0%,0.0%
Nick Suzuki,19:00,2021-12-09,CHI,0.078,35.7%,6,62.5%,0.0%,100.0%
Ryan Poehling,13:48,2021-12-09,CHI,0.511,45.6%,1,12.5%,50.0%,75.0%
Ben Chiarot,18:28,2021-12-09,CHI,0.054,25.5%,2,33.3%,100.0%,100.0%
Kale Clague,18:09,2021-12-09,CHI,0.0,32.0%,0,44.4%,,33.3%
Brett Kulak,16:54,2021-12-09,CHI,0.0,35.2%,1,60.0%,,50.0%
Alexander Romanov,16:51,2021-12-09,CHI,0.003,30.5%,0,25.0%,,
David Savard,20:02,2021-12-09,CHI,0.059,28.6%,3,66.7%,,0.0%
Jonathan Drouin,17:33,2021-12-09,CHI,0.063,32.0%,3,50.0%,66.7%,100.0%
Laurent Dauphin,14:42,2021-12-09,CHI,0.072,20.8%,0,14.3%,0.0%,83.3%
Cole Caufield,13:26,2021-12-09,CHI,0.029,17.6%,2,0.0%,0.0%,75.0%
Jesse Ylonen,5:50,2021-12-09,CHI,0.015,15.9%,0,0.0%,100.0%,100.0%
Chris Wideman,13:52,2021-12-09,CHI,0.019,85.6%,1,50.0%,,0.0%
Cole Caufield,15:31,2021-12-11,STL,0.058,26.1%,4,0.0%,0.0%,75.0%
Alexander Romanov,17:30,2021-12-11,STL,0.277,62.8%,3,0.0%,,
Brett Kulak,17:11,2021-12-11,STL,0.003,13.2%,0,44.4%,0.0%,100.0%
Kale Clague,17:06,2021-12-11,STL,0.0,15.1%,1,50.0%,100.0%,66.7%
Ben Chiarot,20:24,2021-12-11,STL,0.004,29.4%,1,27.3%,100.0%,100.0%
Jesse Ylonen,10:36,2021-12-11,STL,0.004,7.4%,0,14.3%,50.0%,80.0%
Nick Suzuki,17:10,2021-12-11,STL,0.155,47.8%,7,50.0%,42.9%,71.4%
Ryan Poehling,13:08,2021-12-11,STL,0.043,48.3%,3,40.0%,0.0%,80.0%
Michael Pezzetta,9:04,2021-12-11,STL,0.067,51.8%,2,50.0%,100.0%,100.0%
Mathieu Perreault,13:12,2021-12-11,STL,0.222,33.5%,0,50.0%,0.0%,100.0%
Artturi Lehkonen,14:29,2021-12-11,STL,0.024,35.9%,1,50.0%,100.0%,57.1%
Mike Hoffman,17:08,2021-12-11,STL,0.384,55.4%,5,10.0%,100.0%,83.3%
Jonathan Drouin,16:12,2021-12-11,STL,0.0,44.4%,6,66.7%,80.0%,100.0%
Laurent Dauphin,13:03,2021-12-11,STL,0.0,32.0%,2,0.0%,0.0%,66.7%
Joel Armia,14:02,2021-12-11,STL,0.625,46.0%,5,75.0%,33.3%,40.0%
Cedric Paquette,7:32,2021-12-11,STL,0.015,48.6%,1,37.5%,0.0%,0.0%
Chris Wideman,15:57,2021-12-11,STL,0.008,51.0%,1,25.0%,,50.0%
David Savard,19:19,2021-12-11,STL,0.003,42.8%,0,40.0%,,
Nick Suzuki,16:13,2021-12-14,PIT,0.394,35.1%,11,22.2%,33.3%,66.7%
Cedric Paquette,5:54,2021-12-14,PIT,0.042,18.7%,1,50.0%,100.0%,100.0%
Mathieu Perreault,12:35,2021-12-14,PIT,0.075,31.5%,2,100.0%,50.0%,100.0%
Michael Pezzetta,5:56,2021-12-14,PIT,0.0,19.0%,0,25.0%,0.0%,100.0%
Ryan Poehling,12:35,2021-12-14,PIT,0.099,64.3%,3,50.0%,0.0%,66.7%
Jonathan Drouin,15:23,2021-12-14,PIT,0.199,56.5%,7,33.3%,80.0%,80.0%
Jesse Ylonen,14:05,2021-12-14,PIT,0.207,61.1%,5,0.0%,60.0%,100.0%
Ben Chiarot,19:30,2021-12-14,PIT,0.011,43.5%,3,33.3%,100.0%,100.0%
Kale Clague,13:26,2021-12-14,PIT,0.005,58.4%,2,0.0%,,100.0%
Brett Kulak,16:16,2021-12-14,PIT,0.047,69.3%,1,0.0%,0.0%,33.3%
Jeff Petry,17:00,2021-12-14,PIT,0.109,41.8%,5,50.0%,,100.0%
Alexander Romanov,17:14,2021-12-14,PIT,0.136,32.2%,4,0.0%,,
David Savard,15:18,2021-12-14,PIT,0.008,40.6%,0,25.0%,,
Laurent Dauphin,13:55,2021-12-14,PIT,0.415,69.9%,6,66.7%,33.3%,55.6%
Cole Caufield,12:59,2021-12-14,PIT,0.23,67.3%,4,28.6%,,100.0%
Joel Armia,10:15,2021-12-14,PIT,0.003,38.3%,2,0.0%,50.0%,37.5%
Mike Hoffman,14:42,2021-12-14,PIT,0.188,32.3%,3,100.0%,0.0%,83.3%
Artturi Lehkonen,11:03,2021-12-14,PIT,0.042,60.5%,2,0.0%,100.0%,0.0%
Alexander Romanov,21:47,2021-12-16,PHI,0.0,63.8%,1,0.0%,0.0%,100.0%
David Savard,18:54,2021-12-16,PHI,0.08,86.8%,1,16.7%,0.0%,100.0%
Ben Chiarot,19:15,2021-12-16,PHI,0.113,86.8%,6,0.0%,50.0%,100.0%
Jesse Ylonen,14:58,2021-12-16,PHI,0.263,71.5%,3,16.7%,0.0%,25.0%
Nick Suzuki,18:58,2021-12-16,PHI,0.008,64.0%,1,44.4%,0.0%,100.0%
Ryan Poehling,12:32,2021-12-16,PHI,0.006,87.7%,5,20.0%,0.0%,
Joel Armia,8:53,2021-12-16,PHI,0.251,86.1%,2,33.3%,100.0%,80.0%
Artturi Lehkonen,13:53,2021-12-16,PHI,0.75,89.2%,8,71.4%,100.0%,57.1%
Mike Hoffman,17:26,2021-12-16,PHI,0.177,59.8%,3,0.0%,50.0%,33.3%
Jake Evans,15:54,2021-12-16,PHI,0.229,75.9%,5,40.0%,80.0%,100.0%
Jonathan Drouin,15:05,2021-12-16,PHI,0.262,72.5%,5,50.0%,100.0%,57.1%
Laurent Dauphin,16:35,2021-12-16,PHI,0.824,75.8%,7,37.5%,100.0%,85.7%
Cole Caufield,12:30,2021-12-16,PHI,0.405,80.3%,9,25.0%,25.0%,80.0%
Cedric Paquette,6:25,2021-12-16,PHI,0.0,71.4%,0,50.0%,,0.0%
Michael Pezzetta,8:06,2021-12-16,PHI,0.043,70.5%,2,0.0%,,100.0%
Jeff Petry,18:37,2021-12-16,PHI,0.006,59.1%,0,0.0%,,
Brett Kulak,14:59,2021-12-16,PHI,0.0,75.4%,2,25.0%,,100.0%
Kale Clague,13:57,2021-12-16,PHI,0.071,71.7%,2,0.0%,,100.0%
Alex Belzile,9:15,2021-12-28,TBL,0.0,30.6%,0,66.7%,100.0%,100.0%
Cole Caufield,8:41,2021-12-28,TBL,0.226,59.2%,1,0.0%,100.0%,100.0%
Jonathan Drouin,13:43,2021-12-28,TBL,0.685,64.8%,5,33.3%,100.0%,66.7%
Jake Evans,9:18,2021-12-28,TBL,0.317,29.7%,7,40.0%,100.0%,20.0%
Brendan Gallagher,13:53,2021-12-28,TBL,0.173,52.8%,6,66.7%,100.0%,100.0%
Rafaël Harvey-Pinard,8:55,2021-12-28,TBL,0.199,55.9%,4,25.0%,0.0%,75.0%
Cedric Paquette,9:23,2021-12-28,TBL,0.0,57.3%,0,33.3%,0.0%,50.0%
Michael Pezzetta,10:52,2021-12-28,TBL,0.341,82.3%,4,40.0%,100.0%,100.0%
Corey Schueneman,9:33,2021-12-28,TBL,0.106,47.9%,0,25.0%,,100.0%
Lukas Vejdemo,9:28,2021-12-28,TBL,0.285,85.6%,2,0.0%,,50.0%
Jesse Ylonen,7:17,2021-12-28,TBL,0.0,36.2%,1,,100.0%,100.0%
Kale Clague,14:18,2021-12-28,TBL,0.058,39.9%,2,0.0%,0.0%,100.0%
Brett Kulak,15:19,2021-12-28,TBL,0.033,50.9%,1,28.6%,,100.0%
Sami Niku,8:49,2021-12-28,TBL,0.004,37.9%,6,60.0%,0.0%,0.0%
Alexander Romanov,18:00,2021-12-28,TBL,0.022,67.6%,1,33.3%,,
David Savard,16:45,2021-12-28,TBL,0.187,65.8%,3,71.4%,,0.0%
Nick Suzuki,14:44,2021-12-28,TBL,0.284,54.4%,13,30.0%,80.0%,57.1%
Ryan Poehling,8:37,2021-12-28,TBL,0.023,59.5%,3,33.3%,100.0%,100.0%
Michael Pezzetta,11:03,2021-12-30,CAR,0.0,35.9%,0,25.0%,0.0%,100.0%
Ryan Poehling,11:43,2021-12-30,CAR,0.125,44.4%,5,36.4%,50.0%,100.0%
Jesse Ylonen,12:25,2021-12-30,CAR,0.002,37.9%,2,50.0%,50.0%,100.0%
Lukas Vejdemo,9:06,2021-12-30,CAR,0.549,62.0%,5,30.0%,100.0%,100.0%
Nick Suzuki,14:32,2021-12-30,CAR,0.058,37.6%,3,0.0%,50.0%,50.0%
Sami Niku,11:20,2021-12-30,CAR,0.001,35.9%,0,0.0%,50.0%,100.0%
Cedric Paquette,9:18,2021-12-30,CAR,0.327,79.0%,1,66.7%,,100.0%
Rafaël Harvey-Pinard,9:12,2021-12-30,CAR,0.0,28.2%,1,0.0%,0.0%,0.0%
Brendan Gallagher,6:11,2021-12-30,CAR,0.017,82.1%,1,0.0%,0.0%,100.0%
Jake Evans,13:37,2021-12-30,CAR,0.021,23.0%,1,14.3%,50.0%,100.0%
Cole Caufield,10:41,2021-12-30,CAR,0.069,15.9%,2,20.0%,,40.0%
Alex Belzile,13:10,2021-12-30,CAR,0.005,17.6%,1,100.0%,,0.0%
Brandon Baddock,7:27,2021-12-30,CAR,0.0,38.4%,0,20.0%,,33.3%
Alexander Romanov,16:18,2021-12-30,CAR,0.002,35.9%,0,0.0%,0.0%,50.0%
David Savard,16:18,2021-12-30,CAR,0.043,35.9%,1,25.0%,0.0%,25.0%
Kale Clague,14:51,2021-12-30,CAR,0.108,45.5%,0,25.0%,,
Corey Schueneman,11:56,2021-12-30,CAR,0.005,22.0%,0,0.0%,0.0%,100.0%
Brett Kulak,14:51,2021-12-30,CAR,0.115,44.2%,2,28.6%,,
Cole Caufield,15:34,2022-01-01,FLA,0.025,32.7%,3,25.0%,50.0%,80.0%
Jonathan Drouin,15:03,2022-01-01,FLA,0.246,23.5%,2,0.0%,100.0%,80.0%
Rafaël Harvey-Pinard,15:01,2022-01-01,FLA,0.046,31.4%,2,12.5%,100.0%,100.0%
Cam Hillis,9:14,2022-01-01,FLA,0.007,48.5%,2,0.0%,66.7%,75.0%
Cedric Paquette,4:18,2022-01-01,FLA,0.02,30.9%,1,0.0%,0.0%,100.0%
Michael Pezzetta,9:35,2022-01-01,FLA,0.349,33.8%,3,50.0%,,100.0%
Ryan Poehling,15:26,2022-01-01,FLA,0.044,25.5%,4,50.0%,0.0%,
Nick Suzuki,16:03,2022-01-01,FLA,0.028,18.6%,5,0.0%,33.3%,100.0%
Lukas Vejdemo,11:43,2022-01-01,FLA,0.2,27.2%,7,27.3%,100.0%,100.0%
Jesse Ylonen,13:14,2022-01-01,FLA,0.005,28.7%,1,0.0%,33.3%,33.3%
Kale Clague,21:46,2022-01-01,FLA,0.154,19.0%,3,40.0%,,
Brett Kulak,18:29,2022-01-01,FLA,0.008,22.1%,1,20.0%,,100.0%
Sami Niku,16:39,2022-01-01,FLA,0.032,28.4%,4,20.0%,50.0%,66.7%
Alex Belzile,13:27,2022-01-01,FLA,0.1,27.5%,3,0.0%,50.0%,75.0%
David Savard,21:20,2022-01-01,FLA,0.225,36.9%,6,0.0%,100.0%,33.3%
Corey Schueneman,14:32,2022-01-01,FLA,0.095,35.1%,2,0.0%,,
Chris Wideman,13:20,2022-01-12,BOS,0.007,32.9%,1,50.0%,100.0%,
Cole Caufield,10:27,2022-01-12,BOS,0.022,38.0%,1,100.0%,0.0%,85.7%
Laurent Dauphin,11:33,2022-01-12,BOS,0.165,26.7%,3,22.2%,50.0%,50.0%
Jonathan Drouin,12:25,2022-01-12,BOS,0.073,45.9%,4,40.0%,,100.0%
Christian Dvorak,11:46,2022-01-12,BOS,0.221,28.3%,5,0.0%,33.3%,100.0%
Mike Hoffman,11:58,2022-01-12,BOS,0.0,13.8%,0,0.0%,0.0%,100.0%
Artturi Lehkonen,10:22,2022-01-12,BOS,0.143,16.5%,2,33.3%,0.0%,75.0%
Cedric Paquette,6:23,2022-01-12,BOS,0.007,19.2%,1,0.0%,100.0%,100.0%
Michael Pezzetta,9:41,2022-01-12,BOS,0.081,50.7%,2,25.0%,,50.0%
Nick Suzuki,11:00,2022-01-12,BOS,0.101,32.6%,3,12.5%,33.3%,100.0%
Lukas Vejdemo,8:13,2022-01-12,BOS,0.029,3.3%,1,40.0%,0.0%,75.0%
Ben Chiarot,14:18,2022-01-12,BOS,0.004,3.8%,1,0.0%,,100.0%
Brett Kulak,15:06,2022-01-12,BOS,0.003,46.9%,0,0.0%,,100.0%
Sami Niku,16:45,2022-01-12,BOS,0.129,26.8%,2,37.5%,,
Jeff Petry,12:21,2022-01-12,BOS,0.0,38.4%,2,75.0%,,75.0%
David Savard,13:02,2022-01-12,BOS,0.004,2.4%,1,0.0%,,100.0%
Ryan Poehling,11:49,2022-01-12,BOS,0.012,7.8%,4,7.1%,0.0%,100.0%
Joel Armia,10:45,2022-01-12,BOS,0.0,0.3%,2,50.0%,33.3%,20.0%
Rem Pitlick,16:14,2022-01-13,CHI,0.0,51.6%,3,66.7%,0.0%,66.7%
Ryan Poehling,9:48,2022-01-13,CHI,0.146,63.5%,1,50.0%,,100.0%
Alexander Romanov,16:53,2022-01-13,CHI,0.058,54.7%,3,50.0%,0.0%,100.0%
Jeff Petry,16:55,2022-01-13,CHI,0.124,56.4%,3,0.0%,100.0%,50.0%
Brett Kulak,14:05,2022-01-13,CHI,0.038,44.5%,1,75.0%,100.0%,100.0%
Ben Chiarot,14:21,2022-01-13,CHI,0.024,33.6%,0,33.3%,100.0%,
Nick Suzuki,13:02,2022-01-13,CHI,0.02,26.4%,4,25.0%,75.0%,75.0%
Michael Pezzetta,7:55,2022-01-13,CHI,0.073,25.4%,2,0.0%,0.0%,100.0%
David Savard,17:02,2022-01-13,CHI,0.05,47.1%,3,20.0%,0.0%,100.0%
Artturi Lehkonen,9:19,2022-01-13,CHI,0.122,80.0%,4,50.0%,100.0%,100.0%
Jake Evans,11:11,2022-01-13,CHI,0.066,23.0%,4,33.3%,50.0%,66.7%
Christian Dvorak,13:52,2022-01-13,CHI,0.0,35.9%,0,12.5%,,100.0%
Jonathan Drouin,15:26,2022-01-13,CHI,0.422,57.7%,5,25.0%,,80.0%
Laurent Dauphin,11:39,2022-01-13,CHI,0.133,45.3%,4,50.0%,,42.9%
Cole Caufield,9:10,2022-01-13,CHI,0.082,89.3%,2,40.0%,0.0%,80.0%
Joel Armia,11:00,2022-01-13,CHI,0.0,16.0%,0,33.3%,0.0%,100.0%
Mike Hoffman,12:21,2022-01-13,CHI,0.0,30.7%,0,50.0%,66.7%,100.0%
Corey Schueneman,14:29,2022-01-13,CHI,0.014,28.5%,1,50.0%,,75.0%
Josh Anderson,13:25,2022-01-17,ARI,0.21,23.8%,3,16.7%,100.0%,66.7%
Joel Armia,11:07,2022-01-17,ARI,0.018,63.7%,1,14.3%,,50.0%
Jonathan Drouin,11:43,2022-01-17,ARI,0.183,60.1%,4,0.0%,0.0%,60.0%
Christian Dvorak,10:33,2022-01-17,ARI,0.0,40.3%,1,20.0%,,100.0%
Jake Evans,11:06,2022-01-17,ARI,0.18,71.8%,4,33.3%,66.7%,87.5%
Mike Hoffman,11:54,2022-01-17,ARI,0.01,26.2%,2,33.3%,100.0%,60.0%
Artturi Lehkonen,10:11,2022-01-17,ARI,0.158,85.2%,0,25.0%,0.0%,66.7%
Rem Pitlick,12:50,2022-01-17,ARI,0.313,37.7%,5,50.0%,66.7%,100.0%
Chris Wideman,11:35,2022-01-17,ARI,0.005,60.5%,1,80.0%,,66.7%
Ryan Poehling,10:13,2022-01-17,ARI,0.149,42.9%,3,0.0%,100.0%,100.0%
Nick Suzuki,13:05,2022-01-17,ARI,0.0,35.1%,2,14.3%,0.0%,100.0%
Ben Chiarot,16:21,2022-01-17,ARI,0.017,48.1%,2,50.0%,100.0%,100.0%
Brett Kulak,11:38,2022-01-17,ARI,0.002,38.0%,1,20.0%,66.7%,100.0%
Jeff Petry,17:07,2022-01-17,ARI,0.012,38.4%,1,0.0%,,0.0%
Alexander Romanov,19:04,2022-01-17,ARI,0.012,45.8%,0,0.0%,,100.0%
David Savard,14:42,2022-01-17,ARI,0.026,41.1%,0,33.3%,,75.0%
Laurent Dauphin,9:09,2022-01-17,ARI,0.0,41.0%,0,33.3%,,0.0%
Cole Caufield,10:49,2022-01-17,ARI,0.149,44.1%,2,12.5%,66.7%,75.0%
Alexander Romanov,10:32,2022-01-18,DAL,0.002,23.5%,0,20.0%,0.0%,100.0%
Josh Anderson,10:45,2022-01-18,DAL,0.493,48.3%,2,50.0%,100.0%,50.0%
Laurent Dauphin,8:05,2022-01-18,DAL,0.0,50.4%,0,66.7%,,
Jonathan Drouin,10:48,2022-01-18,DAL,0.098,52.4%,2,0.0%,100.0%,100.0%
Christian Dvorak,8:18,2022-01-18,DAL,0.156,40.5%,3,33.3%,,100.0%
Jake Evans,9:41,2022-01-18,DAL,0.053,57.7%,1,60.0%,100.0%,100.0%
Mike Hoffman,9:16,2022-01-18,DAL,0.032,39.2%,3,,33.3%,100.0%
Artturi Lehkonen,6:38,2022-01-18,DAL,0.005,62.7%,2,,100.0%,75.0%
Michael Pezzetta,6:14,2022-01-18,DAL,0.765,66.1%,1,20.0%,,66.7%
Rem Pitlick,10:46,2022-01-18,DAL,0.051,43.5%,5,25.0%,50.0%,
Ryan Poehling,7:28,2022-01-18,DAL,0.067,21.6%,2,55.6%,66.7%,75.0%
Nick Suzuki,11:29,2022-01-18,DAL,0.0,22.3%,2,0.0%,100.0%,50.0%
Tyler Toffoli,9:24,2022-01-18,DAL,0.181,23.2%,1,33.3%,0.0%,75.0%
Ben Chiarot,13:11,2022-01-18,DAL,0.0,39.4%,0,50.0%,,
David Savard,14:02,2022-01-18,DAL,0.0,43.1%,0,50.0%,,0.0%
Chris Wideman,9:56,2022-01-18,DAL,0.003,36.2%,1,50.0%,,100.0%
Jeff Petry,12:59,2022-01-18,DAL,0.018,62.6%,1,50.0%,,0.0%
Kale Clague,13:01,2022-01-18,DAL,0.013,68.1%,1,100.0%,,100.0%
Jeff Petry,18:56,2022-01-20,VGK,0.009,45.7%,1,40.0%,,100.0%
Kale Clague,17:53,2022-01-20,VGK,0.049,31.6%,3,25.0%,100.0%,0.0%
Ben Chiarot,18:44,2022-01-20,VGK,0.011,9.7%,1,33.3%,100.0%,80.0%
Tyler Toffoli,12:47,2022-01-20,VGK,0.0,10.9%,2,0.0%,,100.0%
Nick Suzuki,16:10,2022-01-20,VGK,0.051,9.4%,2,28.6%,66.7%,80.0%
Ryan Poehling,7:39,2022-01-20,VGK,0.145,39.1%,1,25.0%,,100.0%
Alexander Romanov,12:54,2022-01-20,VGK,0.0,51.0%,0,42.9%,,
David Savard,20:01,2022-01-20,VGK,0.076,8.7%,2,0.0%,,50.0%
Artturi Lehkonen,11:29,2022-01-20,VGK,0.116,26.7%,5,100.0%,100.0%,100.0%
Mike Hoffman,16:04,2022-01-20,VGK,0.068,45.1%,2,0.0%,0.0%,71.4%
Jake Evans,13:46,2022-01-20,VGK,0.013,12.1%,2,25.0%,50.0%,80.0%
Christian Dvorak,16:04,2022-01-20,VGK,0.109,49.5%,3,29.4%,100.0%,100.0%
Jonathan Drouin,10:20,2022-01-20,VGK,0.0,41.2%,1,50.0%,0.0%,100.0%
Laurent Dauphin,13:35,2022-01-20,VGK,0.109,59.4%,2,75.0%,100.0%,71.4%
Michael Pezzetta,7:23,2022-01-20,VGK,0.135,48.2%,4,100.0%,0.0%,50.0%
Rem Pitlick,14:07,2022-01-20,VGK,0.0,35.7%,0,40.0%,100.0%,66.7%
Josh Anderson,15:00,2022-01-20,VGK,0.405,29.4%,0,11.1%,0.0%,100.0%
Chris Wideman,13:58,2022-01-20,VGK,0.058,54.4%,3,0.0%,,100.0%
Laurent Dauphin,11:58,2022-01-22,COL,0.0,57.0%,1,0.0%,100.0%,100.0%
Christian Dvorak,13:54,2022-01-22,COL,0.086,49.2%,3,22.2%,50.0%,100.0%
Jake Evans,13:35,2022-01-22,COL,0.219,49.7%,9,11.1%,50.0%,75.0%
Mike Hoffman,13:07,2022-01-22,COL,0.341,58.8%,5,0.0%,,71.4%
Artturi Lehkonen,13:18,2022-01-22,COL,0.835,75.8%,7,0.0%,50.0%,100.0%
Cedric Paquette,6:34,2022-01-22,COL,0.003,12.2%,1,0.0%,50.0%,100.0%
Michael Pezzetta,7:43,2022-01-22,COL,0.0,12.1%,1,33.3%,,100.0%
Rem Pitlick,12:34,2022-01-22,COL,0.143,71.5%,2,20.0%,,100.0%
Ryan Poehling,10:37,2022-01-22,COL,0.031,11.3%,2,33.3%,0.0%,66.7%
Nick Suzuki,14:05,2022-01-22,COL,0.032,74.4%,5,44.4%,100.0%,75.0%
Tyler Toffoli,12:37,2022-01-22,COL,0.035,75.8%,4,33.3%,0.0%,100.0%
Ben Chiarot,17:21,2022-01-22,COL,0.093,70.4%,4,,,
Brett Kulak,19:09,2022-01-22,COL,0.01,39.7%,0,45.5%,,50.0%
Josh Anderson,15:45,2022-01-22,COL,0.032,48.5%,3,50.0%,0.0%,100.0%
Jeff Petry,18:59,2022-01-22,COL,0.004,44.8%,1,57.1%,,75.0%
Chris Wideman,11:08,2022-01-22,COL,0.0,49.6%,0,100.0%,,0.0%
David Savard,19:27,2022-01-22,COL,0.036,69.2%,2,40.0%,,
Alexander Romanov,11:29,2022-01-22,COL,0.008,43.2%,1,0.0%,100.0%,
Josh Anderson,14:40,2022-01-24,MIN,0.135,17.8%,5,20.0%,100.0%,40.0%
Laurent Dauphin,14:38,2022-01-24,MIN,0.006,8.6%,3,0.0%,33.3%,83.3%
Christian Dvorak,0:36,2022-01-24,MIN,0.0,54.9%,1,50.0%,,
Jake Evans,14:09,2022-01-24,MIN,0.0,33.0%,0,16.7%,33.3%,0.0%
Mike Hoffman,14:23,2022-01-24,MIN,0.183,11.7%,4,0.0%,75.0%,66.7%
Artturi Lehkonen,13:34,2022-01-24,MIN,0.09,17.5%,2,66.7%,100.0%,83.3%
Chris Wideman,14:33,2022-01-24,MIN,0.113,31.9%,1,25.0%,,0.0%
Alexander Romanov,16:03,2022-01-24,MIN,0.002,27.3%,0,33.3%,,100.0%
Rem Pitlick,16:19,2022-01-24,MIN,0.428,23.9%,4,16.7%,0.0%,50.0%
Ryan Poehling,14:14,2022-01-24,MIN,0.061,4.3%,4,25.0%,50.0%,100.0%
Nick Suzuki,14:47,2022-01-24,MIN,0.013,12.5%,5,33.3%,33.3%,66.7%
Tyler Toffoli,10:28,2022-01-24,MIN,0.077,14.8%,3,16.7%,,40.0%
Ben Chiarot,15:47,2022-01-24,MIN,0.011,2.3%,1,30.0%,,100.0%
Brett Kulak,16:33,2022-01-24,MIN,0.003,17.9%,1,0.0%,,
Jeff Petry,17:26,2022-01-24,MIN,0.023,14.6%,5,28.6%,,100.0%
Michael Pezzetta,8:14,2022-01-24,MIN,0.0,11.0%,0,33.3%,,50.0%
Cedric Paquette,8:42,2022-01-24,MIN,0.008,30.6%,3,20.0%,,66.7%
David Savard,16:20,2022-01-24,MIN,0.004,3.3%,0,0.0%,,33.3%
David Savard,16:30,2022-01-27,ANA,0.026,67.1%,5,0.0%,,
Josh Anderson,16:18,2022-01-27,ANA,0.0,57.0%,2,25.0%,20.0%,60.0%
Laurent Dauphin,14:30,2022-01-27,ANA,0.288,19.7%,5,42.9%,0.0%,100.0%
Jake Evans,14:50,2022-01-27,ANA,0.721,45.8%,6,20.0%,60.0%,100.0%
Mike Hoffman,14:30,2022-01-27,ANA,0.078,25.8%,4,33.3%,75.0%,66.7%
Artturi Lehkonen,13:03,2022-01-27,ANA,0.004,61.7%,3,0.0%,0.0%,100.0%
Cedric Paquette,4:00,2022-01-27,ANA,0.111,59.0%,3,0.0%,,100.0%
Michael Pezzetta,4:15,2022-01-27,ANA,0.109,62.2%,4,57.1%,,
Rem Pitlick,16:10,2022-01-27,ANA,0.084,55.4%,4,0.0%,100.0%,33.3%
Chris Wideman,13:56,2022-01-27,ANA,0.009,54.5%,0,0.0%,,100.0%
Nick Suzuki,15:24,2022-01-27,ANA,0.328,63.7%,9,37.5%,75.0%,50.0%
Tyler Toffoli,12:13,2022-01-27,ANA,0.642,69.3%,4,50.0%,100.0%,100.0%
Lukas Vejdemo,3:43,2022-01-27,ANA,0.019,61.8%,1,0.0%,0.0%,100.0%
Ben Chiarot,16:45,2022-01-27,ANA,0.006,75.5%,1,42.9%,,100.0%
Brett Kulak,19:05,2022-01-27,ANA,0.139,44.6%,5,25.0%,0.0%,
Jeff Petry,15:57,2022-01-27,ANA,0.185,43.0%,4,28.6%,0.0%,60.0%
Alexander Romanov,12:37,2022-01-27,ANA,0.14,48.7%,2,50.0%,,100.0%
Ryan Poehling,14:26,2022-01-27,ANA,0.005,51.8%,4,33.3%,66.7%,80.0%
Josh Anderson,17:27,2022-01-29,EDM,0.443,38.5%,12,0.0%,100.0%,87.5%
Laurent Dauphin,16:21,2022-01-29,EDM,0.324,72.0%,6,22.2%,66.7%,75.0%
Jake Evans,16:52,2022-01-29,EDM,0.062,25.9%,5,28.6%,75.0%,57.1%
Artturi Lehkonen,14:57,2022-01-29,EDM,0.074,41.7%,4,33.3%,0.0%,60.0%
Cedric Paquette,6:53,2022-01-29,EDM,0.0,8.5%,0,33.3%,,100.0%
Michael Pezzetta,5:48,2022-01-29,EDM,0.0,0.2%,1,0.0%,,0.0%
Rem Pitlick,18:33,2022-01-29,EDM,0.065,24.4%,7,16.7%,75.0%,100.0%
Mike Hoffman,16:34,2022-01-29,EDM,0.385,66.3%,3,40.0%,100.0%,100.0%
Ryan Poehling,16:02,2022-01-29,EDM,0.14,68.4%,4,25.0%,33.3%,66.7%
Nick Suzuki,17:06,2022-01-29,EDM,0.099,42.5%,3,57.1%,0.0%,80.0%
Alexander Romanov,20:15,2022-01-29,EDM,0.012,23.9%,0,12.5%,,100.0%
Jeff Petry,19:00,2022-01-29,EDM,0.048,43.1%,2,0.0%,100.0%,83.3%
Brett Kulak,20:40,2022-01-29,EDM,0.002,47.9%,0,16.7%,0.0%,85.7%
Chris Wideman,15:21,2022-01-29,EDM,0.018,62.0%,1,0.0%,,100.0%
Ben Chiarot,19:43,2022-01-29,EDM,0.005,17.7%,2,50.0%,,100.0%
Lukas Vejdemo,5:57,2022-01-29,EDM,0.0,0.2%,1,33.3%,,
Tyler Toffoli,15:20,2022-01-29,EDM,0.008,19.9%,1,66.7%,66.7%,80.0%
Kale Clague,16:55,2022-01-29,EDM,0.0,39.8%,1,16.7%,,0.0%
Nick Suzuki,13:14,2022-01-30,CBJ,0.129,58.7%,2,16.7%,,100.0%
Jeff Petry,15:10,2022-01-30,CBJ,0.002,53.5%,0,50.0%,,100.0%
Brett Kulak,16:28,2022-01-30,CBJ,0.003,38.5%,0,20.0%,,0.0%
Kale Clague,11:27,2022-01-30,CBJ,0.035,51.3%,2,66.7%,,
Ben Chiarot,19:23,2022-01-30,CBJ,0.009,25.8%,1,0.0%,,100.0%
Tyler Toffoli,11:20,2022-01-30,CBJ,0.151,55.2%,7,12.5%,100.0%,100.0%
Ryan Poehling,5:57,2022-01-30,CBJ,0.052,10.6%,2,0.0%,0.0%,50.0%
Alexander Romanov,20:18,2022-01-30,CBJ,0.062,23.4%,1,42.9%,50.0%,100.0%
Michael Pezzetta,5:25,2022-01-30,CBJ,0.016,12.3%,1,25.0%,,100.0%
Artturi Lehkonen,13:03,2022-01-30,CBJ,0.033,66.6%,3,100.0%,,75.0%
Mike Hoffman,13:32,2022-01-30,CBJ,0.038,34.1%,5,33.3%,50.0%,83.3%
Jake Evans,15:16,2022-01-30,CBJ,0.103,38.6%,5,30.0%,,33.3%
Laurent Dauphin,13:23,2022-01-30,CBJ,0.188,34.1%,7,28.6%,100.0%,100.0%
Paul Byron,13:37,2022-01-30,CBJ,0.0,34.2%,0,20.0%,,0.0%
Josh Anderson,16:11,2022-01-30,CBJ,0.55,35.1%,7,33.3%,66.7%,80.0%
Rem Pitlick,7:02,2022-01-30,CBJ,0.0,14.3%,0,25.0%,,0.0%
Brendan Gallagher,11:43,2022-01-30,CBJ,0.072,52.3%,3,16.7%,100.0%,50.0%
Chris Wideman,10:12,2022-01-30,CBJ,0.046,46.6%,2,0.0%,,
Ryan Poehling,11:52,2022-02-08,NJD,0.285,49.3%,4,16.7%,100.0%,0.0%
Paul Byron,11:17,2022-02-08,NJD,0.183,25.9%,2,0.0%,0.0%,100.0%
Cole Caufield,13:12,2022-02-08,NJD,0.489,69.8%,5,0.0%,25.0%,71.4%
Laurent Dauphin,12:58,2022-02-08,NJD,0.172,47.7%,5,20.0%,0.0%,100.0%
Jake Evans,11:45,2022-02-08,NJD,0.113,23.3%,3,66.7%,100.0%,100.0%
Brendan Gallagher,13:11,2022-02-08,NJD,0.015,27.3%,2,0.0%,100.0%,85.7%
Mike Hoffman,15:26,2022-02-08,NJD,0.008,57.3%,3,33.3%,100.0%,75.0%
Artturi Lehkonen,12:28,2022-02-08,NJD,0.924,51.7%,3,16.7%,0.0%,100.0%
Joel Armia,12:37,2022-02-08,NJD,0.028,41.9%,2,100.0%,16.7%,75.0%
Josh Anderson,11:23,2022-02-08,NJD,0.0,47.4%,1,28.6%,,66.7%
Tyler Toffoli,13:21,2022-02-08,NJD,0.163,64.6%,4,37.5%,100.0%,33.3%
Ben Chiarot,18:13,2022-02-08,NJD,0.153,39.6%,2,12.5%,0.0%,80.0%
Kale Clague,16:10,2022-02-08,NJD,0.084,52.2%,0,28.6%,,100.0%
Brett Kulak,18:10,2022-02-08,NJD,0.081,52.6%,1,33.3%,100.0%,100.0%
Jeff Petry,17:42,2022-02-08,NJD,0.041,50.2%,0,0.0%,0.0%,50.0%
Alexander Romanov,19:19,2022-02-08,NJD,0.006,38.3%,2,0.0%,,0.0%
Chris Wideman,13:32,2022-02-08,NJD,0.005,56.8%,1,40.0%,0.0%,66.7%
Nick Suzuki,15:16,2022-02-08,NJD,0.0,48.0%,2,25.0%,100.0%,40.0%
Chris Wideman,9:12,2022-02-10,WSH,0.0,22.5%,0,50.0%,,
Alexander Romanov,18:38,2022-02-10,WSH,0.069,58.3%,2,25.0%,100.0%,100.0%
Rem Pitlick,14:02,2022-02-10,WSH,1.128,81.8%,7,0.0%,66.7%,100.0%
Josh Anderson,13:44,2022-02-10,WSH,0.133,77.3%,6,25.0%,100.0%,100.0%
Joel Armia,8:28,2022-02-10,WSH,0.133,68.1%,5,,100.0%,50.0%
Paul Byron,9:39,2022-02-10,WSH,0.077,28.6%,2,28.6%,,100.0%
Cole Caufield,7:01,2022-02-10,WSH,0.141,69.2%,4,66.7%,0.0%,80.0%
Jake Evans,13:12,2022-02-10,WSH,0.14,79.3%,4,40.0%,0.0%,85.7%
Brendan Gallagher,9:09,2022-02-10,WSH,0.061,64.9%,4,33.3%,100.0%,60.0%
Mike Hoffman,9:52,2022-02-10,WSH,0.008,42.7%,1,0.0%,66.7%,100.0%
Artturi Lehkonen,11:41,2022-02-10,WSH,0.018,53.7%,0,20.0%,0.0%,80.0%
Jeff Petry,12:24,2022-02-10,WSH,0.039,86.2%,0,0.0%,,50.0%
Ryan Poehling,8:27,2022-02-10,WSH,0.135,83.9%,6,20.0%,50.0%,100.0%
Nick Suzuki,13:24,2022-02-10,WSH,0.133,51.1%,6,28.6%,66.7%,100.0%
Tyler Toffoli,11:20,2022-02-10,WSH,0.164,62.9%,4,0.0%,75.0%,100.0%
Ben Chiarot,18:34,2022-02-10,WSH,0.236,56.5%,5,0.0%,,66.7%
Kale Clague,12:51,2022-02-10,WSH,0.067,74.5%,2,40.0%,,
Brett Kulak,15:08,2022-02-10,WSH,0.0,76.2%,0,33.3%,0.0%,100.0%
Brett Kulak,18:45,2022-02-12,CBJ,0.055,51.3%,2,37.5%,50.0%,100.0%
Jeff Petry,19:28,2022-02-12,CBJ,0.054,40.3%,4,60.0%,100.0%,50.0%
Chris Wideman,12:50,2022-02-12,CBJ,0.123,52.0%,1,0.0%,,75.0%
Alexander Romanov,15:16,2022-02-12,CBJ,0.035,40.1%,1,50.0%,,100.0%
Josh Anderson,13:21,2022-02-12,CBJ,0.132,27.0%,2,0.0%,0.0%,66.7%
Paul Byron,11:56,2022-02-12,CBJ,0.0,59.9%,2,0.0%,100.0%,100.0%
Joel Armia,9:16,2022-02-12,CBJ,0.2,85.2%,3,28.6%,0.0%,0.0%
Cole Caufield,11:18,2022-02-12,CBJ,0.141,45.9%,7,0.0%,33.3%,50.0%
Brendan Gallagher,13:42,2022-02-12,CBJ,0.321,53.7%,7,33.3%,100.0%,83.3%
Mike Hoffman,12:16,2022-02-12,CBJ,0.174,43.7%,3,25.0%,33.3%,100.0%
Artturi Lehkonen,12:51,2022-02-12,CBJ,0.208,47.1%,1,100.0%,0.0%,60.0%
Jake Evans,12:56,2022-02-12,CBJ,0.0,18.5%,5,57.1%,100.0%,100.0%
Ryan Poehling,10:36,2022-02-12,CBJ,0.009,35.5%,6,25.0%,100.0%,25.0%
Nick Suzuki,14:44,2022-02-12,CBJ,0.044,61.9%,7,20.0%,33.3%,75.0%
Tyler Toffoli,14:07,2022-02-12,CBJ,0.344,62.7%,4,28.6%,50.0%,100.0%
Ben Chiarot,20:01,2022-02-12,CBJ,0.0,28.2%,2,33.3%,0.0%,100.0%
Kale Clague,14:58,2022-02-12,CBJ,0.245,55.3%,3,14.3%,50.0%,100.0%
Rem Pitlick,14:15,2022-02-12,CBJ,0.172,28.5%,1,50.0%,0.0%,66.7%
Mike Hoffman,12:20,2022-02-13,BUF,0.15,28.7%,3,66.7%,0.0%,66.7%
Josh Anderson,11:37,2022-02-13,BUF,0.0,55.7%,3,0.0%,0.0%,66.7%
Joel Armia,13:26,2022-02-13,BUF,0.173,63.4%,2,0.0%,0.0%,50.0%
Paul Byron,12:18,2022-02-13,BUF,0.198,28.7%,6,0.0%,100.0%,100.0%
Cole Caufield,14:28,2022-02-13,BUF,0.054,26.2%,2,33.3%,25.0%,100.0%
Jake Evans,10:20,2022-02-13,BUF,0.0,56.3%,0,42.9%,,57.1%
Artturi Lehkonen,12:49,2022-02-13,BUF,0.384,63.2%,9,33.3%,66.7%,100.0%
Brendan Gallagher,11:16,2022-02-13,BUF,0.163,28.7%,4,0.0%,75.0%,71.4%
Ryan Poehling,12:15,2022-02-13,BUF,0.1,63.6%,5,0.0%,0.0%,100.0%
Nick Suzuki,14:58,2022-02-13,BUF,0.119,26.0%,7,0.0%,80.0%,100.0%
Tyler Toffoli,13:30,2022-02-13,BUF,0.014,26.2%,2,50.0%,0.0%,50.0%
Kale Clague,15:19,2022-02-13,BUF,0.006,55.7%,1,0.0%,,
Brett Kulak,18:03,2022-02-13,BUF,0.197,42.1%,4,0.0%,,75.0%
Alexander Romanov,18:20,2022-02-13,BUF,0.003,28.4%,2,0.0%,,0.0%
Corey Schueneman,17:44,2022-02-13,BUF,0.026,35.3%,4,20.0%,,100.0%
Chris Wideman,12:45,2022-02-13,BUF,0.184,64.6%,3,0.0%,0.0%,50.0%
Rem Pitlick,10:24,2022-02-13,BUF,0.0,56.3%,0,0.0%,,100.0%
Jeff Petry,17:08,2022-02-13,BUF,0.077,41.1%,2,100.0%,,50.0%
Ryan Poehling,6:58,2022-02-17,STL,0.003,56.2%,2,33.3%,,0.0%
Jeff Petry,14:59,2022-02-17,STL,0.008,73.5%,0,20.0%,,0.0%
Brett Kulak,15:41,2022-02-17,STL,0.036,74.6%,2,50.0%,33.3%,100.0%
Nick Suzuki,12:44,2022-02-17,STL,0.02,33.4%,3,20.0%,75.0%,100.0%
Kale Clague,8:52,2022-02-17,STL,0.0,14.1%,0,0.0%,,
Josh Anderson,12:43,2022-02-17,STL,0.076,19.8%,1,22.2%,,75.0%
Joel Armia,7:22,2022-02-17,STL,0.258,72.0%,2,20.0%,,100.0%
Paul Byron,11:15,2022-02-17,STL,0.28,63.8%,1,0.0%,,50.0%
Cole Caufield,12:18,2022-02-17,STL,0.062,33.4%,3,0.0%,100.0%,100.0%
Laurent Dauphin,9:55,2022-02-17,STL,0.063,34.4%,10,66.7%,75.0%,66.7%
Jake Evans,11:30,2022-02-17,STL,0.069,67.5%,8,100.0%,20.0%,100.0%
Brendan Gallagher,9:57,2022-02-17,STL,0.106,55.8%,1,50.0%,,50.0%
Mike Hoffman,10:11,2022-02-17,STL,0.159,35.5%,9,,80.0%,80.0%
Artturi Lehkonen,9:49,2022-02-17,STL,0.196,68.1%,3,0.0%,33.3%,66.7%
Rem Pitlick,9:16,2022-02-17,STL,0.0,29.1%,0,50.0%,50.0%,80.0%
Alexander Romanov,16:11,2022-02-17,STL,0.084,25.1%,2,100.0%,50.0%,100.0%
Chris Wideman,8:06,2022-02-17,STL,0.0,45.9%,0,0.0%,,100.0%
Corey Schueneman,17:44,2022-02-17,STL,0.027,24.7%,1,66.7%,,100.0%
Jeff Petry,18:29,2022-02-20,NYI,0.015,34.6%,1,22.2%,,100.0%
Alexander Romanov,17:51,2022-02-20,NYI,0.034,51.9%,1,50.0%,,100.0%
Brett Kulak,18:10,2022-02-20,NYI,0.046,35.3%,2,40.0%,,
Josh Anderson,18:35,2022-02-20,NYI,0.048,80.3%,3,50.0%,0.0%,80.0%
Paul Byron,10:45,2022-02-20,NYI,0.075,24.0%,3,33.3%,,100.0%
Cole Caufield,15:07,2022-02-20,NYI,0.323,74.7%,7,66.7%,33.3%,100.0%
Laurent Dauphin,10:49,2022-02-20,NYI,0.039,29.7%,3,42.9%,100.0%,83.3%
Jake Evans,13:48,2022-02-20,NYI,0.22,43.8%,3,44.4%,100.0%,100.0%
Brendan Gallagher,10:51,2022-02-20,NYI,0.059,29.4%,2,25.0%,100.0%,0.0%
Chris Wideman,13:07,2022-02-20,NYI,0.0,64.9%,0,,,
Artturi Lehkonen,9:55,2022-02-20,NYI,0.018,36.1%,0,0.0%,0.0%,100.0%
Michael Pezzetta,9:19,2022-02-20,NYI,0.004,28.1%,1,0.0%,100.0%,100.0%
Rem Pitlick,12:48,2022-02-20,NYI,0.048,44.1%,3,33.3%,0.0%,100.0%
Ryan Poehling,9:15,2022-02-20,NYI,0.079,35.9%,3,100.0%,66.7%,100.0%
Nick Suzuki,15:51,2022-02-20,NYI,0.087,74.7%,7,22.2%,100.0%,87.5%
Ben Chiarot,17:37,2022-02-20,NYI,0.001,56.0%,1,50.0%,100.0%,66.7%
Mike Hoffman,10:55,2022-02-20,NYI,0.0,34.4%,0,0.0%,100.0%,100.0%
Kale Clague,12:14,2022-02-20,NYI,0.002,64.2%,0,50.0%,0.0%,100.0%
Kale Clague,13:15,2022-02-21,TOR,0.007,49.8%,1,0.0%,,
Ben Chiarot,19:50,2022-02-21,TOR,0.086,43.2%,1,50.0%,100.0%,100.0%
Nick Suzuki,14:28,2022-02-21,TOR,0.027,70.3%,4,40.0%,66.7%,100.0%
Ryan Poehling,9:39,2022-02-21,TOR,0.0,60.3%,0,0.0%,0.0%,
Rem Pitlick,14:36,2022-02-21,TOR,0.465,32.6%,4,33.3%,100.0%,50.0%
Michael Pezzetta,9:30,2022-02-21,TOR,0.264,68.4%,3,40.0%,0.0%,100.0%
Brendan Gallagher,14:08,2022-02-21,TOR,0.173,50.8%,7,20.0%,80.0%,57.1%
Mike Hoffman,13:30,2022-02-21,TOR,0.214,46.5%,6,0.0%,50.0%,100.0%
Jake Evans,15:05,2022-02-21,TOR,0.006,34.4%,2,44.4%,50.0%,60.0%
Laurent Dauphin,13:29,2022-02-21,TOR,0.09,50.8%,5,11.1%,50.0%,60.0%
Cole Caufield,14:01,2022-02-21,TOR,0.246,75.7%,4,40.0%,50.0%,25.0%
Brett Kulak,19:49,2022-02-21,TOR,0.064,66.6%,2,0.0%,,50.0%
Artturi Lehkonen,9:10,2022-02-21,TOR,0.009,54.1%,0,25.0%,0.0%,100.0%
Jeff Petry,18:57,2022-02-21,TOR,0.002,65.8%,1,30.0%,,80.0%
Paul Byron,12:36,2022-02-21,TOR,0.016,26.7%,1,16.7%,100.0%,100.0%
Chris Wideman,12:27,2022-02-21,TOR,0.003,67.9%,0,20.0%,,100.0%
Alexander Romanov,20:07,2022-02-21,TOR,0.016,40.8%,3,11.1%,100.0%,
Josh Anderson,15:29,2022-02-21,TOR,0.906,70.8%,10,22.2%,50.0%,66.7%
Jeff Petry,15:32,2022-02-23,BUF,0.131,82.6%,3,0.0%,100.0%,100.0%
Josh Anderson,8:38,2022-02-23,BUF,0.015,54.2%,2,0.0%,20.0%,80.0%
Paul Byron,1:11,2022-02-23,BUF,0.0,100.0%,0,,,
Cole Caufield,16:02,2022-02-23,BUF,0.325,68.2%,12,60.0%,100.0%,85.7%
Laurent Dauphin,17:33,2022-02-23,BUF,0.516,63.9%,8,28.6%,60.0%,83.3%
Jake Evans,13:54,2022-02-23,BUF,0.002,32.7%,5,14.3%,60.0%,75.0%
Brendan Gallagher,13:24,2022-02-23,BUF,0.21,83.6%,3,16.7%,0.0%,75.0%
Mike Hoffman,18:16,2022-02-23,BUF,0.161,71.8%,6,28.6%,50.0%,50.0%
Artturi Lehkonen,14:44,2022-02-23,BUF,0.207,42.5%,1,0.0%,66.7%,100.0%
Rem Pitlick,16:16,2022-02-23,BUF,0.238,43.0%,2,12.5%,25.0%,60.0%
Ryan Poehling,10:37,2022-02-23,BUF,0.406,74.7%,3,50.0%,100.0%,66.7%
Nick Suzuki,16:52,2022-02-23,BUF,0.524,70.2%,8,25.0%,60.0%,100.0%
Ben Chiarot,19:55,2022-02-23,BUF,0.073,39.7%,2,33.3%,,100.0%
Kale Clague,15:06,2022-02-23,BUF,0.005,83.1%,0,25.0%,,50.0%
Chris Wideman,13:15,2022-02-23,BUF,0.0,81.1%,1,100.0%,50.0%,100.0%
Alexander Romanov,21:34,2022-02-23,BUF,0.069,43.3%,2,0.0%,0.0%,0.0%
Brett Kulak,18:24,2022-02-23,BUF,0.145,81.1%,3,33.3%,0.0%,100.0%
Michael Pezzetta,7:53,2022-02-23,BUF,0.0,59.9%,0,20.0%,,100.0%
Mathieu Perreault,7:34,2022-02-26,OTT,0.109,35.9%,1,25.0%,0.0%,100.0%
Laurent Dauphin,12:42,2022-02-26,OTT,0.0,67.3%,5,33.3%,80.0%,100.0%
Corey Schueneman,15:05,2022-02-26,OTT,0.036,55.4%,4,0.0%,,0.0%
Alexander Romanov,17:38,2022-02-26,OTT,0.003,90.3%,0,66.7%,0.0%,40.0%
Jeff Petry,13:45,2022-02-26,OTT,0.002,53.9%,1,50.0%,,100.0%
Brett Kulak,13:55,2022-02-26,OTT,0.048,55.1%,2,25.0%,50.0%,0.0%
Ben Chiarot,16:19,2022-02-26,OTT,0.019,90.3%,2,66.7%,,
Nick Suzuki,15:47,2022-02-26,OTT,0.062,65.8%,4,40.0%,33.3%,33.3%
Ryan Poehling,6:28,2022-02-26,OTT,0.038,45.0%,4,33.3%,66.7%,50.0%
Rem Pitlick,9:49,2022-02-26,OTT,0.0,73.6%,4,0.0%,0.0%,100.0%
Michael Pezzetta,6:38,2022-02-26,OTT,0.008,45.0%,2,0.0%,,100.0%
Artturi Lehkonen,10:16,2022-02-26,OTT,0.655,73.4%,6,14.3%,,80.0%
Mike Hoffman,12:22,2022-02-26,OTT,0.632,63.7%,6,25.0%,0.0%,25.0%
Brendan Gallagher,11:19,2022-02-26,OTT,0.311,67.4%,8,33.3%,,50.0%
Jake Evans,11:48,2022-02-26,OTT,0.507,70.0%,7,0.0%,60.0%,100.0%
Cole Caufield,15:54,2022-02-26,OTT,0.339,68.1%,7,0.0%,66.7%,71.4%
Chris Wideman,13:55,2022-02-26,OTT,0.061,53.6%,1,0.0%,0.0%,100.0%
Josh Anderson,15:50,2022-02-26,OTT,0.175,67.4%,5,0.0%,100.0%,75.0%
Chris Wideman,10:36,2022-03-01,WPG,0.0,30.9%,0,0.0%,,100.0%
Corey Schueneman,12:51,2022-03-01,WPG,0.012,21.3%,2,33.3%,0.0%,100.0%
Brett Kulak,15:04,2022-03-01,WPG,0.059,92.1%,2,14.3%,50.0%,100.0%
Ben Chiarot,14:32,2022-03-01,WPG,0.07,57.6%,2,0.0%,,
Nick Suzuki,12:04,2022-03-01,WPG,0.123,28.6%,5,0.0%,33.3%,100.0%
Ryan Poehling,9:27,2022-03-01,WPG,0.081,99.2%,6,8.3%,50.0%,100.0%
Rem Pitlick,9:32,2022-03-01,WPG,0.0,46.3%,2,14.3%,50.0%,100.0%
Josh Anderson,13:05,2022-03-01,WPG,0.271,40.8%,3,62.5%,50.0%,66.7%
Joel Armia,8:35,2022-03-01,WPG,0.006,98.9%,2,28.6%,75.0%,75.0%
Artturi Lehkonen,9:51,2022-03-01,WPG,0.702,54.4%,6,0.0%,60.0%,66.7%
Mike Hoffman,9:31,2022-03-01,WPG,0.012,37.1%,0,50.0%,0.0%,80.0%
Brendan Gallagher,10:50,2022-03-01,WPG,0.156,62.0%,1,33.3%,33.3%,60.0%
Jake Evans,11:04,2022-03-01,WPG,0.044,34.7%,2,14.3%,100.0%,100.0%
Laurent Dauphin,11:35,2022-03-01,WPG,0.329,87.3%,5,50.0%,25.0%,66.7%
Cole Caufield,12:19,2022-03-01,WPG,0.108,28.6%,3,0.0%,100.0%,100.0%
Alexander Romanov,13:28,2022-03-01,WPG,0.0,69.4%,0,40.0%,,66.7%
Mathieu Perreault,6:48,2022-03-01,WPG,0.073,98.7%,2,0.0%,100.0%,100.0%
Jeff Petry,16:45,2022-03-01,WPG,0.026,54.1%,3,0.0%,,100.0%
Alexander Romanov,16:54,2022-03-03,CGY,0.009,40.7%,1,0.0%,,100.0%
Joel Armia,7:33,2022-03-03,CGY,0.096,30.3%,2,0.0%,66.7%,100.0%
Josh Anderson,14:26,2022-03-03,CGY,0.098,24.4%,5,0.0%,0.0%,85.7%
Chris Wideman,7:51,2022-03-03,CGY,0.002,27.1%,1,50.0%,,100.0%
Jeff Petry,18:05,2022-03-03,CGY,0.103,45.0%,6,28.6%,100.0%,
Brett Kulak,16:43,2022-03-03,CGY,0.001,31.0%,0,16.7%,,
Kale Clague,8:53,2022-03-03,CGY,0.193,41.6%,1,0.0%,100.0%,
Ben Chiarot,17:02,2022-03-03,CGY,0.011,26.8%,1,66.7%,,0.0%
Nick Suzuki,14:45,2022-03-03,CGY,0.145,21.4%,3,0.0%,50.0%,66.7%
Rem Pitlick,11:00,2022-03-03,CGY,0.101,23.4%,4,50.0%,100.0%,100.0%
Michael Pezzetta,5:40,2022-03-03,CGY,0.123,33.3%,3,16.7%,100.0%,66.7%
Artturi Lehkonen,9:10,2022-03-03,CGY,0.114,20.0%,3,100.0%,66.7%,75.0%
Mike Hoffman,11:07,2022-03-03,CGY,0.102,76.9%,7,50.0%,100.0%,33.3%
Brendan Gallagher,11:41,2022-03-03,CGY,0.285,62.4%,5,0.0%,33.3%,0.0%
Jake Evans,4:56,2022-03-03,CGY,0.03,22.2%,4,40.0%,100.0%,80.0%
Laurent Dauphin,14:47,2022-03-03,CGY,0.443,81.1%,8,33.3%,100.0%,100.0%
Cole Caufield,13:42,2022-03-03,CGY,0.005,31.4%,0,66.7%,0.0%,80.0%
Ryan Poehling,8:56,2022-03-03,CGY,0.063,21.5%,1,33.3%,,
Chris Wideman,7:09,2022-03-05,EDM,0.0,7.4%,0,100.0%,,
Alexander Romanov,18:00,2022-03-05,EDM,0.023,35.1%,3,50.0%,,75.0%
Jeff Petry,18:42,2022-03-05,EDM,0.004,41.3%,0,50.0%,,
Brett Kulak,19:34,2022-03-05,EDM,0.071,45.1%,3,50.0%,33.3%,66.7%
Kale Clague,10:54,2022-03-05,EDM,0.007,8.8%,0,12.5%,100.0%,100.0%
Ben Chiarot,16:25,2022-03-05,EDM,0.002,33.0%,0,16.7%,,100.0%
Nick Suzuki,15:27,2022-03-05,EDM,0.221,31.2%,4,66.7%,60.0%,100.0%
Mathieu Perreault,7:28,2022-03-05,EDM,0.093,55.1%,3,100.0%,0.0%,75.0%
Rem Pitlick,11:45,2022-03-05,EDM,0.0,10.4%,2,66.7%,50.0%,0.0%
Michael Pezzetta,6:34,2022-03-05,EDM,0.002,56.6%,1,66.7%,0.0%,100.0%
Artturi Lehkonen,9:02,2022-03-05,EDM,0.007,25.7%,1,66.7%,100.0%,100.0%
Mike Hoffman,12:25,2022-03-05,EDM,0.06,39.2%,2,66.7%,100.0%,100.0%
Brendan Gallagher,10:42,2022-03-05,EDM,0.227,36.8%,3,0.0%,100.0%,66.7%
Cole Caufield,16:18,2022-03-05,EDM,0.194,29.4%,4,20.0%,50.0%,66.7%
Ryan Poehling,9:13,2022-03-05,EDM,0.054,41.9%,2,25.0%,66.7%,100.0%
Laurent Dauphin,11:17,2022-03-05,EDM,0.062,29.5%,2,33.3%,0.0%,66.7%
Joel Armia,10:53,2022-03-05,EDM,0.012,14.7%,0,11.1%,50.0%,100.0%
Josh Anderson,14:52,2022-03-05,EDM,0.0,30.1%,1,60.0%,50.0%,71.4%
Brett Kulak,17:38,2022-03-09,VAN,0.008,54.4%,3,16.7%,,
Kale Clague,10:57,2022-03-09,VAN,0.012,30.0%,1,33.3%,,
Ben Chiarot,17:23,2022-03-09,VAN,0.028,20.2%,2,33.3%,66.7%,66.7%
Nick Suzuki,16:40,2022-03-09,VAN,0.132,65.9%,3,20.0%,100.0%,100.0%
Ryan Poehling,6:37,2022-03-09,VAN,0.066,52.9%,1,0.0%,100.0%,100.0%
Rem Pitlick,10:17,2022-03-09,VAN,0.011,59.0%,5,50.0%,100.0%,100.0%
Artturi Lehkonen,9:26,2022-03-09,VAN,0.765,57.5%,4,40.0%,,100.0%
Chris Wideman,12:20,2022-03-09,VAN,0.003,18.8%,1,40.0%,50.0%,100.0%
Brendan Gallagher,10:56,2022-03-09,VAN,0.0,2.3%,1,75.0%,100.0%,37.5%
Jake Evans,12:06,2022-03-09,VAN,0.108,58.6%,3,27.3%,100.0%,60.0%
Laurent Dauphin,10:41,2022-03-09,VAN,0.0,5.5%,1,0.0%,,50.0%
Cole Caufield,17:40,2022-03-09,VAN,0.028,52.5%,4,25.0%,50.0%,60.0%
Paul Byron,7:49,2022-03-09,VAN,0.0,51.2%,0,0.0%,,
Joel Armia,9:33,2022-03-09,VAN,0.139,58.6%,4,33.3%,0.0%,100.0%
Josh Anderson,15:34,2022-03-09,VAN,0.056,69.9%,4,25.0%,33.3%,66.7%
Jeff Petry,17:48,2022-03-09,VAN,0.02,57.2%,2,42.9%,50.0%,0.0%
Alexander Romanov,15:56,2022-03-09,VAN,0.037,29.1%,3,100.0%,,
Mike Hoffman,10:41,2022-03-09,VAN,0.013,3.4%,1,0.0%,0.0%,0.0%
Joel Armia,13:43,2022-03-12,SEA,0.163,73.9%,2,7.1%,33.3%,85.7%
Josh Anderson,14:26,2022-03-12,SEA,0.039,52.8%,1,50.0%,100.0%,60.0%
Alexander Romanov,18:57,2022-03-12,SEA,0.141,71.7%,3,0.0%,,
Jeff Petry,17:52,2022-03-12,SEA,0.127,74.5%,3,16.7%,100.0%,100.0%
Chris Wideman,6:07,2022-03-12,SEA,0.047,15.0%,1,0.0%,,
Brett Kulak,11:15,2022-03-12,SEA,0.014,47.0%,1,40.0%,,100.0%
Ben Chiarot,18:25,2022-03-12,SEA,0.002,65.2%,2,0.0%,100.0%,
Nick Suzuki,14:36,2022-03-12,SEA,0.006,53.8%,7,44.4%,66.7%,57.1%
Ryan Poehling,9:49,2022-03-12,SEA,0.111,72.2%,6,33.3%,100.0%,100.0%
Joel Edmundson,15:33,2022-03-12,SEA,0.002,54.3%,1,66.7%,,
Michael Pezzetta,5:41,2022-03-12,SEA,0.119,41.8%,1,25.0%,,100.0%
Artturi Lehkonen,10:43,2022-03-12,SEA,0.263,72.5%,2,0.0%,,100.0%
Mike Hoffman,10:49,2022-03-12,SEA,0.11,68.0%,6,0.0%,66.7%,83.3%
Brendan Gallagher,9:47,2022-03-12,SEA,0.25,77.5%,3,0.0%,0.0%,57.1%
Jake Evans,7:55,2022-03-12,SEA,0.074,54.9%,4,25.0%,66.7%,66.7%
Cole Caufield,15:10,2022-03-12,SEA,0.327,46.5%,8,57.1%,16.7%,100.0%
Paul Byron,7:49,2022-03-12,SEA,0.0,41.3%,1,50.0%,,50.0%
Rem Pitlick,11:49,2022-03-12,SEA,0.22,65.7%,5,37.5%,50.0%,75.0%
Mike Hoffman,13:28,2022-03-13,PHI,0.008,79.5%,2,0.0%,25.0%,45.5%
Joel Armia,10:57,2022-03-13,PHI,0.003,25.3%,2,33.3%,50.0%,80.0%
Paul Byron,11:55,2022-03-13,PHI,0.004,25.9%,3,50.0%,80.0%,80.0%
Cole Caufield,14:13,2022-03-13,PHI,0.063,22.7%,4,25.0%,33.3%,83.3%
Laurent Dauphin,8:44,2022-03-13,PHI,0.077,11.7%,3,0.0%,0.0%,100.0%
Jake Evans,13:34,2022-03-13,PHI,0.194,37.2%,4,12.5%,100.0%,100.0%
Brendan Gallagher,13:54,2022-03-13,PHI,0.45,85.4%,7,28.6%,33.3%,75.0%
Michael Pezzetta,11:31,2022-03-13,PHI,0.061,41.7%,0,10.0%,,66.7%
Chris Wideman,12:32,2022-03-13,PHI,0.02,66.5%,2,0.0%,,
Ryan Poehling,4:57,2022-03-13,PHI,0.0,10.1%,0,0.0%,,
Nick Suzuki,14:29,2022-03-13,PHI,0.37,70.3%,10,33.3%,57.1%,87.5%
Ben Chiarot,20:20,2022-03-13,PHI,0.12,21.6%,1,62.5%,,66.7%
Brett Kulak,16:48,2022-03-13,PHI,0.187,37.5%,5,14.3%,100.0%,75.0%
Jeff Petry,18:11,2022-03-13,PHI,0.113,30.3%,1,20.0%,0.0%,50.0%
Alexander Romanov,17:55,2022-03-13,PHI,0.039,21.0%,0,33.3%,,100.0%
Corey Schueneman,12:55,2022-03-13,PHI,0.03,68.0%,3,16.7%,,100.0%
Rem Pitlick,15:14,2022-03-13,PHI,0.053,28.7%,6,25.0%,100.0%,100.0%
Josh Anderson,15:26,2022-03-13,PHI,0.034,28.3%,4,0.0%,66.7%,87.5%
